-- phpMyAdmin SQL Dump
-- version 4.0.9
-- http://www.phpmyadmin.net
--
-- Host: 127.0.0.1
-- Generation Time: Jan 29, 2014 at 11:50 AM
-- Server version: 5.6.14
-- PHP Version: 5.5.6

SET SQL_MODE = "NO_AUTO_VALUE_ON_ZERO";
SET time_zone = "+00:00";


/*!40101 SET @OLD_CHARACTER_SET_CLIENT=@@CHARACTER_SET_CLIENT */;
/*!40101 SET @OLD_CHARACTER_SET_RESULTS=@@CHARACTER_SET_RESULTS */;
/*!40101 SET @OLD_COLLATION_CONNECTION=@@COLLATION_CONNECTION */;
/*!40101 SET NAMES utf8 */;

--
-- Database: `credit_suisse`
--

-- --------------------------------------------------------

--
-- Table structure for table `approved_status`
--

CREATE TABLE IF NOT EXISTS `approved_status` (
  `r_id` int(10) unsigned NOT NULL,
  `app_status` tinyint(1) NOT NULL,
  `u_id` int(10) unsigned NOT NULL,
  KEY `r_id` (`r_id`),
  KEY `u_id` (`u_id`)
) ENGINE=InnoDB DEFAULT CHARSET=latin1;

-- --------------------------------------------------------

--
-- Table structure for table `approve_user`
--

CREATE TABLE IF NOT EXISTS `approve_user` (
  `approve_id` tinyint(1) unsigned NOT NULL,
  `app_stat` varchar(30) NOT NULL,
  PRIMARY KEY (`approve_id`)
) ENGINE=InnoDB DEFAULT CHARSET=latin1;

--
-- Dumping data for table `approve_user`
--

INSERT INTO `approve_user` (`approve_id`, `app_stat`) VALUES
(0, 'New User'),
(1, 'Approved User'),
(2, 'Blocked User'),
(3, 'Rejected New User');

-- --------------------------------------------------------

--
-- Table structure for table `comment`
--

CREATE TABLE IF NOT EXISTS `comment` (
  `comment_id` int(11) NOT NULL AUTO_INCREMENT,
  `discussion_id` int(11) NOT NULL,
  `insert_uid` int(11) unsigned NOT NULL,
  `date_inserted_c` timestamp NOT NULL DEFAULT CURRENT_TIMESTAMP,
  `delete_uid` int(11) unsigned DEFAULT NULL,
  `date_deleted_c` timestamp NOT NULL DEFAULT '0000-00-00 00:00:00',
  `update_uid` int(11) unsigned DEFAULT NULL,
  `date_updated_c` timestamp NOT NULL DEFAULT '0000-00-00 00:00:00',
  `comment_body` text NOT NULL,
  `flag` tinyint(4) NOT NULL DEFAULT '0',
  `comment_score` float NOT NULL DEFAULT '0',
  PRIMARY KEY (`comment_id`),
  KEY `insert_uid` (`insert_uid`),
  KEY `delete_uid` (`delete_uid`),
  KEY `update_uid` (`update_uid`),
  KEY `discussion_id` (`discussion_id`)
) ENGINE=InnoDB  DEFAULT CHARSET=latin1 AUTO_INCREMENT=4 ;

--
-- Dumping data for table `comment`
--

INSERT INTO `comment` (`comment_id`, `discussion_id`, `insert_uid`, `date_inserted_c`, `delete_uid`, `date_deleted_c`, `update_uid`, `date_updated_c`, `comment_body`, `flag`, `comment_score`) VALUES
(2, 2, 5, '2014-01-19 06:40:07', NULL, '0000-00-00 00:00:00', NULL, '0000-00-00 00:00:00', 'This is comment body!', 0, 4),
(3, 2, 3, '2014-01-19 22:30:31', NULL, '0000-00-00 00:00:00', NULL, '0000-00-00 00:00:00', 'new Comment!', 0, 1);

-- --------------------------------------------------------

--
-- Table structure for table `course`
--

CREATE TABLE IF NOT EXISTS `course` (
  `c_id` int(11) unsigned NOT NULL AUTO_INCREMENT,
  `c_name` varchar(50) NOT NULL,
  `c_stream` varchar(20) NOT NULL,
  `start_date` date NOT NULL,
  `end_date` date NOT NULL,
  `avg_rating` double NOT NULL,
  `description` text NOT NULL,
  PRIMARY KEY (`c_id`)
) ENGINE=InnoDB  DEFAULT CHARSET=latin1 AUTO_INCREMENT=23 ;

--
-- Dumping data for table `course`
--

INSERT INTO `course` (`c_id`, `c_name`, `c_stream`, `start_date`, `end_date`, `avg_rating`, `description`) VALUES
(18, 'cs50', 'CS', '2014-01-01', '2014-03-01', 0, 'This is CS50!'),
(19, 'NewNet', 'IT', '2014-05-01', '0000-00-00', 0, ''),
(20, 'Crypto', 'CS', '2014-01-22', '2014-01-25', 0, ''),
(21, 'new', 'new', '2014-01-03', '2014-01-17', 0, ''),
(22, 'newcourse', 'cs', '2014-01-16', '2014-01-18', 0, 'Description!');

-- --------------------------------------------------------

--
-- Table structure for table `create_course`
--

CREATE TABLE IF NOT EXISTS `create_course` (
  `u_id` int(11) unsigned NOT NULL,
  `c_id` int(11) unsigned NOT NULL,
  PRIMARY KEY (`c_id`),
  UNIQUE KEY `c_id` (`c_id`),
  KEY `u_id_2` (`u_id`)
) ENGINE=InnoDB DEFAULT CHARSET=latin1;

--
-- Dumping data for table `create_course`
--

INSERT INTO `create_course` (`u_id`, `c_id`) VALUES
(2, 18),
(2, 19),
(2, 20),
(2, 21),
(2, 22);

-- --------------------------------------------------------

--
-- Table structure for table `discussion`
--

CREATE TABLE IF NOT EXISTS `discussion` (
  `discussion_id` int(11) NOT NULL AUTO_INCREMENT,
  `type` int(11) NOT NULL,
  `category_id` int(11) NOT NULL,
  `insert_uid` int(11) unsigned NOT NULL,
  `last_comment_id` int(11) NOT NULL,
  `name` varchar(100) NOT NULL,
  `disc_body` text NOT NULL,
  `count_comments` int(11) NOT NULL,
  `date_inserted_d` timestamp NOT NULL DEFAULT CURRENT_TIMESTAMP,
  `date_updated_d` timestamp NOT NULL DEFAULT '0000-00-00 00:00:00',
  `rating` float NOT NULL DEFAULT '0',
  PRIMARY KEY (`discussion_id`),
  KEY `category_id` (`category_id`),
  KEY `last_comment_id` (`last_comment_id`),
  KEY `insert_uid` (`insert_uid`)
) ENGINE=InnoDB  DEFAULT CHARSET=latin1 AUTO_INCREMENT=5 ;

--
-- Dumping data for table `discussion`
--

INSERT INTO `discussion` (`discussion_id`, `type`, `category_id`, `insert_uid`, `last_comment_id`, `name`, `disc_body`, `count_comments`, `date_inserted_d`, `date_updated_d`, `rating`) VALUES
(2, 0, 1, 5, 0, 'First discussion', 'First discussion body!', 0, '2014-01-19 04:13:19', '0000-00-00 00:00:00', 0),
(3, 0, 1, 8, 0, 'This is by Kunal', 'Kunal''s body! :P', 0, '2014-01-19 04:38:46', '0000-00-00 00:00:00', 0),
(4, 0, 2, 5, 0, 'Is this forum style okay?', 'We''ll continue this is it looks good..', 0, '2014-01-19 04:42:45', '0000-00-00 00:00:00', 0);

-- --------------------------------------------------------

--
-- Table structure for table `discussion_category`
--

CREATE TABLE IF NOT EXISTS `discussion_category` (
  `category_id` int(11) NOT NULL AUTO_INCREMENT,
  `category_name` text NOT NULL,
  PRIMARY KEY (`category_id`)
) ENGINE=InnoDB  DEFAULT CHARSET=latin1 AUTO_INCREMENT=3 ;

--
-- Dumping data for table `discussion_category`
--

INSERT INTO `discussion_category` (`category_id`, `category_name`) VALUES
(1, 'General'),
(2, 'Doubts');

-- --------------------------------------------------------

--
-- Table structure for table `enroll_course`
--

CREATE TABLE IF NOT EXISTS `enroll_course` (
  `u_id` int(10) unsigned NOT NULL,
  `c_id` int(10) unsigned NOT NULL,
  `completion_stat` tinyint(1) NOT NULL,
  KEY `c_id` (`c_id`),
  KEY `u_id` (`u_id`)
) ENGINE=InnoDB DEFAULT CHARSET=latin1;

--
-- Dumping data for table `enroll_course`
--

INSERT INTO `enroll_course` (`u_id`, `c_id`, `completion_stat`) VALUES
(5, 18, 0),
(4, 18, 0),
(8, 18, 0),
(5, 21, 0);

-- --------------------------------------------------------

--
-- Table structure for table `rate_resource`
--

CREATE TABLE IF NOT EXISTS `rate_resource` (
  `u_id` int(10) unsigned NOT NULL,
  `r_id` int(10) unsigned NOT NULL,
  `rating` double unsigned NOT NULL,
  KEY `r_id` (`r_id`),
  KEY `u_id` (`u_id`)
) ENGINE=InnoDB DEFAULT CHARSET=latin1;

-- --------------------------------------------------------

--
-- Table structure for table `resource`
--

CREATE TABLE IF NOT EXISTS `resource` (
  `r_id` int(10) unsigned NOT NULL AUTO_INCREMENT,
  `c_id` int(10) unsigned NOT NULL,
  `type_id` int(10) unsigned NOT NULL,
  `filename` varchar(30) NOT NULL,
  `file_type` varchar(30) NOT NULL,
  `file_size` int(11) NOT NULL,
  `file_content` mediumblob NOT NULL,
  `uploaded_by` int(10) unsigned NOT NULL,
  `uploaded_date` datetime NOT NULL DEFAULT CURRENT_TIMESTAMP,
  `avg_rating` double unsigned NOT NULL,
  `flag_status` tinyint(1) NOT NULL,
  PRIMARY KEY (`r_id`),
  KEY `c_id` (`c_id`),
  KEY `type_id` (`type_id`)
) ENGINE=InnoDB  DEFAULT CHARSET=latin1 AUTO_INCREMENT=5 ;

--
-- Dumping data for table `resource`
--

INSERT INTO `resource` (`r_id`, `c_id`, `type_id`, `filename`, `file_type`, `file_size`, `file_content`, `uploaded_by`, `uploaded_date`, `avg_rating`, `flag_status`) VALUES
(2, 18, 7, 'h.jpg', 'image/jpeg', 11079, 0xffd8ffe000104a46494600010100000100010000ffdb008400090606141211151413141615151617171817181818181616181c181a1817171518171a1c261e1a1c241918171f2f202427292c2c2c171e3135302a35262c2c2901090a0a0e0c0e1a0f0f1a291c1d1c2c29292929292929292929292929292c29292c2929292929292c2929292c29292929292c29292c29292c292c2c2c292c2929ffc0001108005f020f03012200021101031101ffc4001b00000203010101000000000000000000000405020306010007ffc4004f10000102030504040a0608040406030000010211000321040512314106225161133271b11423334252728191a1c107246282b2d11534435392a2d2e11673c2f0174463f1255483b3d3e23593a3ffc4001a010003010101010000000000000000000002030401000506ffc4002711000202020104020300030100000000000001021103211204133141225105143223344206ffda000c03010002110311003f00f9126e09bbc0a424a4d4288491da0c7a7ecdda13532d4dc40247be36d7dd994a996c290e02b93eaf0db672ee2a424e159045779247c4c4f2cc92b29ecfca8f96fe869b4dc35ca863dfa1e602ca494f688de5f766e8ad606f0dd345372cb0c07b50ba25b53f941c3272d8b963a7466e56cda94fbc29c9fe71db2dc095fed7f909f9c6c6efb114c9e934208f8ff6845759773c0986262e85d6ad9729030cc0b7c8360ef303af66a700e406f58469edc40e8bb4f71306db100c827824fca1529d1563c0a462e5ecfce564914e62222e49d9003f8846d2e948dee60f740b6403a458fb43b840bc943bf5919756cf4e05987f1089af6727015481daa488d45bd2d34761f945b7a8f168ed4f788cee9bfac8c92366e733e10deb0836c7b32169c58f2cc33fb8bc6aacb2bc5a8f280ee3578b2390f9c63c812e9908a4ecc2663913086fb27f38b2c3b2226123a5cabd53a538c3abb475fb227721df57deef8cee30bf5a2201b2ce55866e5a613f9c40ec8acb6129525faee037dc7787f779df983b7e7075d7642ab3acd684b06d38b8e6f051988cb878d519cff034c7255311800a2810ff00c389c44a7ec628378e4927aa08c20f005454c1cc6a94806ca0823266657bdc88aef8b33264d475d232551c8e5dd00f23fb17c1d19093b2ca51210b0a6eb3275d43bb11cf947a46cd151244c184758e16208cd201356c9f58777420629838121dd4071cb3f7c4aed4bcb9a0bb82ae1a93c3e71437f1b274b6536cd8e92100f4930bd01cc0ed4b3fc6043b2b2d242153095af220614a5bd205f13b684671aab7d9146cd294028394d5450dd61e8978aef4bb4f4b203924902985faa4d2275950eedbad082c1b352672f0e29830e205399243645987c61a5d37448de95d10284a9c749beb76150cddd05ecd58874cbc4998ac331428500e7ad40f7430b9ac23c2a6a59a8e02ddf86698e9654bd98b1c80e559938968284b246ed2284874cc0c2854cdc843bb259cf84cd0c9c9393f01c605936427c2180a198fc9c427baabc8dedbb08972b159eba0cd8f084560b2a140929d017c407b588ac6c6efb3a0d9aa87dd35c4a1c7818c959baaa1460e000fa73877492e6d99d4fc52a1658ed0ac12cb97e94035d1d3fde1adf331ed52ebfb3347e7a7084f76a37520d1a723f127d9ef8d2ed659b05a241de2e8f3b00e3e843b234b245038f706672c8376751d94bcc5732c79f6c7a529aca18d18d0717ffb472caa2d68e45541da78d62bb38fab7dd3de62a956c9e2c2adb25424ca531482d56e4758f1a5a0e7d5079ebca0dbe427c0a510c48c248dee1ce9002e9694be4522bef789b03b1b95502a6c4a9c274a4b1529619fb1259e04b46c5ae52d32e6a8216af34540fbced0dae29d82d0544d04d1a7248879b6b6a4ccb5a48d027f0881c92a9a47455c6cc2a76643b748d521f093d500e6fce0993b2885251e30a4adea43a6848ead38718612ceea7d757c4260eb0cac5e0c91e9ac519ff6875a404e4e21628f2013b112a5b15cfe942b74252832d8ab2389448d0c10ad93b323aea9a710241c40b610edd5d728d35f76123a2dd29df454e1e7c0c5579d80e3400455334f1c9049ee84acc9bf26f068c5d9ee393d2a461242813bca0722dc0434bc767240412252473114d943cd471c0bfc70daf31e24f61ee86f21f08271b33d2ee292132ce153ab113bc1a80fd9e504d93666cf38383310d9b105ff00962d1e4e5762fb950d365ece54859625b837ce35c9256c978ee90993b29672add33120135c40bb7dda43ebafe88a5cf9299e99a509de74118c9c2493be18070386b165db6627194a14e952879bc0738edd5d2f44b502a0ca34c4430663405b8c22597e98c5060a762ec4b18805a47a2141bb1b0bd213defb2d254b3d128a024336127e348d459ceebf7ff685e6ab9bdb190c8ce944cd4bd9a92138ca9470962921dcbb50e90d0ecd48c247463315773ef894f93f552a65f94cce0c399c98e2f7c3159dc25d877c3b981c45577dc32260984c97c0480539640d4b738b4ecdd9fa30be8559b1e1aead0ef64a424c9b4634ef6253548f313a03061b34bf0241c231e33e72b8ab4789a599c47ac69a3333765acc0a5064cdc4ad4a8623fc915da362a429c2662a4293a2c74989f801848cfe11b4bc2c3285a6cc19a8ac5bcb3961e701ceb0855ad410280022ae4f12ea31d0cfc9fd1d2898c46c125295ad568dd420a8808209a8d7117cf28195b168400a54f74f2411efa978daed2d94a652d811bacc70d7dd00df1773494d0d5855be0d14f72bcb27716652d5b212d185e7e2c544e1414b6b57263b61d9f4cb99bcb3892a49045055ce5ece31a1beac450649e2722cfd53c217dac78e39bee7718252b46c17ca88dbaec44c54d2b7529052124161561931e316da765acc812992a254a0ee411549274c9e2c9c82955a41cc14f788636dff0097f593f80c363e09f2caa403796cad94100a4a313d5342f46d2b9c56366244806624ad4414339147500f9738777ac9c53a5001f78f0e298bafa9c2559e62703f49d131a51a620f1e513649d3a1f8771b2a9b784cc2c662bdf4ee85b6397294495ca92a2e412a4927b1de085870225b3d6244c9930362562551ce51b27ab096ce5e367dcbc164b1c540cf9820d61a6ca4f4f452819920532510fdd0baf01e22decf55426b825b04e751a507084c95c4a93ac920adb150f0d4b149dd3d42e34851b48289edfca277986b4a743855f2886d29dd4f6fe5146354913657b3436148fd1c0b55cf7aa3317359dca92967330a47b4b46aeeff00ff0019d8a3dea8ccdc49f1858e53bb8c362fc8a65d79a18a07a2b23f97fbc196895f565fabf3806f53e3070133bd204379ede0b306b87e70ac859d3ff00372a1dfb3f381ac32bc72fd71f84431b891f1102d8296899eb8fc2203ecb0e5e49f1a22dbe25b4949fb49ef112be5ba60d165fa7eae81f693de239fa30bec27c52872859b3c5d0a86d7601d117e10a3670d15ed81f4612bbc975fb7ba3d741dff0069ef89dd63c6af9bf7446e94f8d3eb9f9c10457623e3963fdeb1abd8c96a3659bcb10aa88e793738cb593cbaf837e705ecfc8244ca3ef9d09f341d20271524272cb8f8342251f02555d8a88188e848a08b6f996a12e428a810274a2d88fa69d3484364b2032661c25c297a1d146901dba4136741c268a05d8d6a2901d94a4b6256472f4484b29b5cf739281e2ee907e71cb9a415f4e1215a12c295c502ddd2ca2d0b1566077b32e81f9c76ecb263993521056581a25448cf845d2d63a2487ca668265a259b14b1d22312549a30046f07731dbd274b132ceb336ce40587e8c8246e286f5042c08c561d1c10c090f98f373812dd665044a74901c548201a1d4c44f1ab4551c8e98f2e3b5c845a2778f46033490a606849a8ae517d8ef2949b62d6998a5a4cb1d400127110c40550342191666b52d270818939a920549c8e4d0758ec986d6a00a4ee0c94950eb1d4520a58e36ec0ee4e8712af040b52d586694a920b541c86af1459af1960cf05130e272c1e8083998afc1dad6416aa73fe188d9d1e3a731a140d287af03dbc691bdcc9634ba2f85890dd1a198b380753c44676ef9af8c9f497419758e9a437b86ce5520901aaad0d6ad9c24b00c2a5a4e616bf828c3ba4a52746f50ed262bb22b08700969a8a64334eb1a3da6bd1e6c826524108615c4f9f28cdcbae302ad3534f6a63497c591a6d9e843819761d3d90dea29648b62b12b8484767b4baa70c20125448f69d1a3964503643c6bdf0c6c1630675a1892379b74926a58d05213598b4850e0fcb583c73e57b12e324d5aa1cdb2f059b1804a1804b78b4bd38981665ba619e82a4cb72960d2d391e507da2c27c08281d013be8cb8366348aa75893e112a8c9037bc62346c8e422684d47c146484a4fe3b01b1cd2674c702aa4bd0200ea876196507dfa91e120e249a27aa71682019f230da569028e939857a3e726906df23c7278909d699083934e498bf09a15a3aa9ff33fa6195d8427c154a5009c6bcc3b7941585d2e8919794d3eec176696d2eca685e64c0c72159b199761e0756d1abbeef292a329a6254d310e9094bb55e8f58e5e57bc9332594e204227fec528eb4a5274542abde5b291549de4ea0d7414310bc64292b43803717abf9aa899638af61b9ca5e44f625f8e47aabd6bd6a438bd8789fba7ba11d8bcb4be695fc14d0eef6f23f74f745149781b8ff91483e2651e4bee5439d8fbc512e5cd132660059a80bfbc88478bc4cafbddca826e4924a54d874cc81ee0f58d9454a34c979352b468ae3bce523a50a9b85d6a2030f7bbc46efb7ca12260e9402492052b5e2f0a6c76724cc6c3d750aa872e704dd88792b14cc821c3fb210f0c57b0fbb30bb390502b46859d20c5339c32b34c3840cd801f9085afbd3327e1f38e847e54749fb039d6849b1abc621c4c628718f33ed862bea7fbee84569967a352b84d032e50e1f70c362b40dd91d9fbd168953929c1551aa9014720284d44113afd982cc94e196d88d70271667585f7325d137b7e422733c825bd23de612e287c5e86f69bfe699f2894caa3b34b48156771ae516dd36ce96d2a5ad5250c9c880806add566ca155acf8d97fef8459774b2662c00e35a1a7b6078a97939c9a1f6d720744a2172289c92403a3e42b15df3313d0a7c6c83bc8a25409151d6a428bf2ca44b5ba4f52a58f2812f5b234b4b839a3be9051c11ad314f2bfa186d52c1f0765ca56f652d4091baae5082d8a2279ed19fb5a907df2820c80c407d430ea985d6b1e3cf6a32af1ac3e1151540c64e52b0cb7cd2a9969273743fbc41d6d34907ed27f01802d43c65abeef7c196d3bb23b53f80c511f04597fa0ebc14d3e49c494ef9aab2154c776be624c974cc94baa288209eba7fef01ed08de96d9e3f7d440f7d625487208c212f423cfce25cb0b922be9e5f061d340e8d3d80fc22ad9cb5265ae69e95285633439f6e71e59f168f547740374ca519cb60e904bee93dd1ad6825e4b2f6b4b4ab687a95ae9cb086f9c51704956197eaff7802fc49332d7eb2abec8d1ecdb614552f875ec8cc8d471d9435796466af74a85ad2fe89f8b455b4a7753da3bc41db4abfad20e74397b200da51b89ed1de20f1bb489f22db34175da81b0996f5a96fbc7e519fb8a6e1993394d7f718d0dd76792242aa4ab003eda4662e22f32671c67b7b61d15e44b61f7b975254684af2f643b9927eab30fd98537ecbf267edb7c21c004d8a6574685e42de9ff009a03d9b2e076407673f595fae3f0883f6590dfc3f9c2fb3feb533d71dc985fda2c2fbdfcb0822fdfd593eb27bc446fd94d3c767e5176d24a6b223d647e2119ed184aec4bca279426d9e575c7aff08d1dd28fab28d328ceecba1d733b267c63bd181373a7c72bb55f8639760f1eaf5cfce2573169eaed3f863d61fd655eb7c8c69a51634f8f57348f8bc36d905399a19f7f52a1e681e6c2eb327eb44724fce27745f1324cc9c9410972fd57d073e518e0e6a90bc8d256c756543489c00f3e664547ce3c605bc403624b24b0a920a9e8c7b23b75de73952e66f1014a5134cdc9393c076abc671b091d21c2c68d4cb5ac2de39296c4ac916b481ed92826daa09d512cd4939cb471832e249f089a18d70e448a17f44c27976e52ed00a94ef2d21fb001f2836ebb42e5da95d1ab01203e9164e2fb7b26c725cc7564900d816c0514f95586139b3c2fbc547a043bd083a9157e34d63b619ebf079dbeb2d89f78e1c879bac556fbda6aac884e3a5036bc455e24edbd6c7f762af413664285b260290fba402125eaa62c683d90c0d9949b6cb0461c52d8b0466ea3d993465d56b98ab402b5a94ac22a4927b1cc1c16af0a410482d982c723072c0ddcac0ef2aaa34d32cc536d496529d073c2f429193b47ac72149b54e4e0249427d0e2be6d0aad05467a095ac9c27324d1c52268947a756f2baa06678980ec6bc84f3dfa1d6ce4a5192a0480c542a40f39f2119542874d34123aeb6f6a8eb06dd3674b2c610589cc03cfe70b6ca597312d47fce19d2c6a6d1dd43b8290048a2a692c965a4b9cb31c2b1afbe1a61b3251310b5102892a06a09a9501df18ec359dec30dafd4ba6cef51bb9faa61bd4c7934061d2634b0582674f392e1d22a3101e93d467198900092b07373cfe31c327c72c364fdf10b17eacb1ccfca370e3e377ec5e5cae74be8d0f8a361f2892ac2061189c5732e19a9a18eccb1a7a6943a5947103518b0876eb3a5fdc214196f657e0d03da00e925d065f944d1c69b1cf2b87f230b4809b5cc65255d5aa1c8d34501046d093d321c11ba8cc2479a38428b22489cb19553cb54c37da994a0b9654a2a2a48aa8e23ba00d61cd252484dda6c532e807f9bfd30c6e8b3feaaf919b333cb3990ae5abff007472d5306c8acb9009a748bef986332ab0b0bab36db5162204b64a3ae8666e7145e321426cb2b14e8e7fa2de494daf184b7a59c0425891bc8cbb0c42df2c9525d44eea99cfd92f12ac437b9684d64f2d2bd599f8e1ddec3c57dd3dd08e41f1b2fd55fe38797b9f15ec314a54321fc888f9195f7bfd50f36550a29981290acb449d389a884ae3a095f7bb8c1172da569c7816b4507554469ca366ae344bcb8cacd16cfd9d47a5ddaf48a04324f0e3947aee0448981aa147cd1c78b70853735b66255330ce9a1d4a765a83d3335832e8b4cde8969e956138893bc58f6d6b13cb0b5ec6aca9fa3a89ac01de07851a012b75cc3d9a086d25402311ab08527aebd72ef31b0d3324c1d6806c8bcfca8fce095af73dd0bad16b98242938f74cc1ba7fef074c53232d75ce1d14d201c93d229b9249e8a71fb47b844e759cf408e6afce0ad9c92a3679a4214778f16c9305da242bc19070907170edd62773d94a8e812d72099b2f5f870826e54a84f5a599c0399e5c20bb64b509d28a92a0e0f5850b3643db010bc972a7a84b2012d56ae94ce17b93a39ba56c2f691644b570218f5bfde9015f7212508a10cb96e5d47ce1c4f747b692f99ca428294e0a741fde28b75f13a64b4852dc0214033754b87ad6191c525e053c91fa3db4aa493234dec9d47cd571a427b611d31776ddcb3d6185fb78cc59922628283d000cdba73ac2eb4d279d3ab957430f82a5b014ae4a832d6463b533b6ee7db065b8eec9ed47e0302de47c65ab5a27be09b7f9391da8fc26298f821cda985dea3c6c9cbca0a976151c225b5d2809070ac1a2289c5e98e20453b4ab527a352407130559f51035f57dce5c8c2ac24102a12c7adc626cb17c9329c0d28d17153cb47aa3ba04bb2dcb44d5a5258151f84132fc94bf547740d765b8a674c0112d5525d680acf998da696c34f646f593270db14547a4c4a61ecec867b357bcdc284854b030d374d69ad600fd2d7792ea335d59eea6bfcd1217d5de1bcb06a5001f00b8c946d50e73f9498ab69ad8665a92a5612a00f5410331c607da35a4cb4b105883f110f4df1769a93369c5092ffcd1d5de976d412b2d5ea27f38647542a4ad92ba2cd2059d4ac4716014e74e5194b826bcd5e437be7c63612efabb85314d0294084fc77a3c6d97562a2a60ec42403fcd04a74070b146d22da5caa87e906a35610d8a9ac5300233e239c4956dbaf554c238148a731bd1d5db6ebf4e7f6306f76363032763b1be209b1e1d2ee3a9dc0c2fb217b5adbd21dc910e516dbadcb2e7a6ad41847b82da2e379dd6c37a6a4f14a12e7da5500fc8eee8b36956d6903967ee89ed5cd1e0b2abe8f78d21a1bdeeaf3953496cca413f8a2b9779dd4ef8e7115a29015ee05444651ddd28bbbf54597190d472841b2caf18ba8eb1ccb6679c697f4d5d409deb4659604807d816d1e37e5d0dfb6e349681feb8da33ba26baff00595071aea1aa38c7aca5ad6acbadc40d21cda2fdba8b309f43904201e3985bc415b4175923cbff00fad0f4a678de3a8def0b250fae90e340ee1a84eb01a54113d6680659f28d12768eeb14099e41fb087f7e38f1da9bb08632a69a6b2e5bfe3828da62f24f9205b8549c0b723ce6e75a40a258f045a75a8c89d348692f6aaed4b3227337a08feb892b6baef194a9bee03b971924dc8545d232d65a4c438344b689d79c35b0ca0bb6a48a00ee4a93c46b941d33692ed57eca736b44d69ebc4a5ed35da94d244f243f9a803dfd23c35be4a8051ad825d125e54e7cce26f6a40cb58067ade404397059b09e26b943e46d95813d5b3cdf6b0ee5c5836dac1a592693a92cfecdf8550466264b69c9352300764aa9db483ace715a25b3eba1e0733a43956dcd858b5966e5c58fbb1b40e36e2c789fc114cd9e22956bc170ce5aa078ecbadd24266a08340e091bcd970ec8b2cc474e4925b8e12def68a65edcd8c38f035b69be413edc7161dbeb2e96398deb96fc70bd86911b02805cda100a9c383c07285c90d3964850072dd557dad0cbfe22d9b4b12bdab2df8a2b3f48527ff22fdb356decde8ec6b8cac29cb947899f5d9d4553192b20a7d1573e50d6f7b2aba390c9516c2ec092287482cfd204b0e3c03ffecb6fc51c3f4949047d492cdacd5b7bdde0a6f950317c6c506cea13a62b02d882db8ae7a34076690a1294928582496dc572e51a2ff88c0b14d893c3cb4c3de622bdbb51ff009297ed9ab8d8ca85b8da1722c6a323087c45b7588f89a4576ab22b120e02300afc9b8e5a4311b70bd6c92fd8b53c74edb2dcfd525d2b5513df00b41bd825df744e33ba532d4a964a5f4c887ce34bb5b762ad3310a908094a0070a5a124503d1447084d2f6de724feac08e1d2102b4d0c446de5a311025494bb8dede23da52631db76624532b64ed25587007334283ad0030235c4da45a767e7a4213831144d248053910a2e0bb1cc6517a36f27903c4c924f361ec64c589dba9e19a44ba65bdf368ce56322a8badb6099302409668524b9019a276bb012a4324920281d334e702af6f6d0ff00ab20f62da3a36ee7eb64470a2cbc6204473aef5c9521731252918dcf599d648eabe9045bef596b4614a89510c004abf2836d1b673260295d890a1c3a450eca830159ef74cb5050bb92ff00e74ca1d3ce820d4e9502cb904cb44bc0b0b4bb8295015058bb36b04582c2a4632a42ea000c952bb84341b6aad6c00ffeb2da95e313ff001fa8656003b272ce75e31a2dab01bbaef524294a4ac0254dba5fdccf075d880252c282924be118175f6b4787d2007ad879969cbfea8f7fc4046b61537f9cb7fc718d598b44ac321465974a9922b420d33a67f9c0abbae6a56ea49de4050f3a84a80a8c8d32358293f4872d9cd8942a0869aad38efd6249fa4191ad8d75d3a55d3db8fe102a3413666e7489865a8144c7e9011e2d447c04193261c2d85654e7cc5fe50e53f489661ff29347fea29bff0072223e912ca1c9b2cd7e38bffbc33d022fb8ba44c8989519a9724b6121e803553ca276c2bf0646f4ca2bab87b7ecbc31ff0089366ffcb4df7bf7ae38bfa45b1a897b3cef837e3853c6316405e9e699f2ca66cc7092e58532fb315a252d7394b59528e40a87e4008313b7b6107c8cf7ec4ff5c757f483616f253ff852df8e3941d9ce49a01da394f24960e4519cf742fb4ac614067c85012dc5db2f6c3c1f4856266e826d3eca7faa3bfe3eb00ca44d1f7258ff005c1ae485ba125f45cc902b5d2ad439b650bed893d31c2ece8a8048c8e659846ad5b797780fd04d7f525ff54713b7560cba19c01cf725b1fe7825672d3135b93bf692e0b84b5417ae8d9c116e0f2e4f229a6bd53ee83c6dcdde48f13369ff004e58f8e2ac4bfc7977b374535ddf11423fae093a153872760bb4e97c033de0695f88ca29beac0f24005344d43b9cdf4306cedb6bbc82304f0e69b883feb88cbdb3bbc3912a717a7553fd7013b63211e281aca93d12431a247740561b1e298b7a6f1e47e30d55b6d77feead1f0ffe48e4cdb7b06624ceed64bfe38c9295051af67caff4a2fd2e71c179ccf48fb4f747d0ed724265158480424914072ac7645a2ccb208b3248c21d4e7113473d66e5947abd6f4ffaad7fd592e39bc8b47cebf48af3c4623fa457c636b3767255a56a582a482a5e5878e541140d91922619271641589c3d491c397088b9c4b7f5f25193fd2733d28e0bcd7c63692b62a495f444a9c07c5404e4d98e062db5ec2c892972662df759d347c88a6900f2c119faf90c47e9399c7e11117a4cf4a37163d81945680a5a9416708c814bea6905deff0046d6791684483356ca4294574a14948000c2f928fba33bd8cc783223e7bfa517e944917bcc192a3736fd83b248958d33fa651500124149150ee181d7e114cbd9f92de487bcfe714e38ac9e044f943c99197699e6a9c5ae40d62b9b78cd4ab794a04685c110fec89c2b5a534016b0396f1e305586d2b5f492c101226951a26a54122a487d348e9c5476746d99b97367ac3a7a450e353f18ecf9b3c25ce31e93bb563ebdb032804cc4b2084a869c462f9c31da8402940294b1587a67107ecae7c6872c6f8f93e0e6f099e9abb1e8dd916aad33b082ea09277736f6738dcda0b4e5a58040a04b061f3833666627a4988c20a411423270fdf15cda8ab151bf07ce976a9a0b152dc3b8a866d6206f199fbc557998fa2db6d98810501492a620818483982455bdbac2bbd76464212829077ddeaed9e5ee85acb11bdb93d98e1784dcc4c5bf698f26f09a4d16b73f68c693fc252f3758e4d9fc21948b8ace6cca5f4431a4298bab301c167e3052c9146c31bc9a89979b65b4846351561f58bffbd606b34c9d31f0a9648a921c903fbfca36ea213290722e2b9e8d976430bf24225a25e16ab384835cb3f7e91d1c89ba3b2c1c4c0cabaad4bc92bcdb79c1ed66ca049f68989252a59253435c9a8c0eb1beb2e213d00821d0a35ec5400b4242553308c44a839f5ffb4532c6a30e64f16db6998a36c57a47ded17d96cb3660252e7897ef8d0df9853699430240c4281eae47183952d295cd4a430029ed488dc78d4b1b984f52a15d9f6554b48519ba3b043ffaa0195b3f357d5524f6ac272e51b5bb10f247601f089eceecacf5c8e9061214ece4701ce3ce79a8b961e48c1aee49c051388835c3bdef03be0ab26cee30712824d68118806e6e18c68058152674d42f9644701ce1deccecd74d254b0b0975cc191d144708664c8a30b42e18d3c9c59f35b5d84a260424e276fb39d39c189d909e7208f6ac773433dadba059edb2d18b138965fb56472e11b5b220746f47032809e6a49851c29b747ca2f0bb9728b2c07e45e048d46d2585531670a5cd2839bc67a65df313428503d8fdd0e8c9344f28b4e895dec66a036bf28d22e4a44d9818754fce33b6294a4cd4624a857504468a6b74d33d53f38198081a74b02cc4b0cfe719b68d25a140d94f23f3119c68d81acea4f67b447929e5f0ce359b037049b44f099c9c6082c1d83b1cdbd90def9fa335aed5385982112d184005cb6e249d789303de8274c2516cf9de27d22df0657a272e11beb1fd1328a31f4e974d4a70abdba431b24969232a03a0d233bd16f43638af6cf959e0c29ec31ee9008d14fb8553e6ac85212c7239e59c4ae6b1144c282429b837ce1a9a621e999c4cc7d58f2d6278c8ccfc7fdb47d2eea90136c90c054a81a0aba550a556394675a714942889b373c4fd75680b40f2574756acc52ad0ae3ef31c4da55e911ed8d2dd3225296bc525240d09506cfed415745cd2262d789140582412d903c635b51f262d991f0a58f38fbe25e1ebfde2bdf1bfff000c5987ecdb5cc9f9c27bcb6296b5a3c19054152d2b351a950d74a40f722c2e0eccc8b72e83a457f146bec9b30a5cb42fc2563124166259c3b3e285168d89b5ca189728a4279a7f38de5d387a196e7cc4e8787647b1f8dc58b3c9f2564fd44a5032d6db8572a5a97e1130948a0621ff009a32cabce6d5e62e9ccc7d52f828e8884925d9c10599fb212d8363e5da15d1cb0996b58eb2b110f4e10afc9431e09691d8394cc3fe959dfbc5fb098e2afa9cde555ef31aab76c1264cc5ca5add4862548a02efe97645d76dc920a013252558b0972aaf3eb36b1e677235650a32b3246f59fd6131678904b443f4e4efdeabde7f38dc5a2ca9969988421294d79fccc0d7b746132da5b3900e262f9641358eee2fa3b8b3206fa9c3f68afe278f0bee77ef55cea7bb58d47472c4d094cb424302400a2fcea4c58b52595b8977294ab5487a30cb4d41ca3792fa3123282fb9dfbd57bcc7937dcd07ca2bdffde37162b5ca9666255292aa254057acf439e6e07288cc5bc8330a520e2356e6607b8be8251b30e9be26e78d47da6228bce6e8b557998d9db6ef44d1282c305339486555bd917a760acc8752d53940641250f96bbb93c63cd0f63a3d3ce5e0c47e989d4f18b1ed31cfd2b3ff007aafe28df5dfb01669cb0f317292b196eb0e44906256ed84b3152d09c49c0b29749071379d57ce3bbf8cdfd6c9744edeafab2cd7a8a3f034682ee8ba546482906a8fdd4b6e39bbc076c3f575e870abbb8c7aeadaa929978572a61385bca8ec7ea47bdf9d4d71e3e8f3ba4af64b678a5d4965be35bb253a2abac75680ab6d0b3a00dedd39ab83c7364a6cbc589544998b60a4f486aae21a256d427c392d33cd4ef6134aa9d92ff38f95949f267d063e7c6c2a5a40b5a805056e68e7d1e2209bfd3b88a11be8edceb02a16936b252ac6301de230bb148342fad208da10f2e5b96f1a9d1f584cb72416d6ca6d938cb12d69c6085a58a9291a8e04c43692dea9d6d918c652d4374d6a53d911beeca842252b1f9c9ae02f9f6c0779cc44cb6c9285e20125c9494b75747ac1c519294bcd055ff654a420e1507587a07cc3357b6064ad3ff53f847f5430da7c1865e19988e31e6148cd3ce0645954464f4e2dac7aff008ffe5b3c9ebedc9198b28f1930ff00d45fe230df64ac18d53880a3e30e484ab20923ac61459bca4df5d7f88c33d98be13295312a96a99be486584b5071498eea2f8fc44e36af66db6624605cf0d5c6825c0411b8344d22fda59a1a53577c40db2b788986d0a4a0a77d03095051f262b898774476a6d69422528a0a87489dc0a09fe663dd1e22e5dc2e6a2a263af050f089946afc847ae3b7a913a6b11e6e690aa30e3034cb585cf98424a43f549c445079cc1fdd1cba54f3e651f2d5b411ed3fe36449d4b41d36df8a507206f0701201d3841f7f1f1767f6e54f4b842d325a596703187af3ab521a5f13019567c4e6aaca9a2a3cf7e515c2e981a850b158a0ae224fb2b04d824bd866d12e12ba95ab17578337c607561c0770b36aa07fd3055d1794bf029c952d616d30252038aa4015ed8666f082e9aedf107949f16874bd534e30feff009a952e4a0cb090e0bb94e4cf54d467197b45247300659e60e7165e1b4a0992a4cac2a01f794160f57300080706dda372b4bc8d6f59094cf92c73c63ac543aa695ca33d3fc929ea31abf198696abea64e9d242d32d0ce371252f4d6a6164c7e896919f48aa69d731eac93fd657f6417790036b143c32580198a7be195b078d99eafc842fdb54e1b520901268f87b618dacf8d99ea0ee10ee9ff00d76664d64433b9d3e207b3b8c6bb6290d6296737d3d8232573f90f646cb6287d4657abf211f3994f5e1fca334ab694db2d149672ebcb42fcd4e58816875b17301904ea66cd2c0003ae724e423237a5f2b916d9e10894ac42bd224a9b7465bc38469fe8ead05765c54acd98486a0c4a268348d9c5a8581169ce8c7fd24cb7bc2517a6197cbcf543db1cb0659d0b7be13fd25287864bec97f8d50deed5ba08ff00794325fc266e3ad94dcdb3a67cd98ae930e108cb3ae2fca10ed158cc8b7140512182b33ddec8da6c60f1968ec97feb8ca6db0ffc495ea0ff0054174f26e740675f1b33778ccc56901c9c8f589d0417681e3667abf9c2eb516b50f677086568f2ab3f67f38b24408a6cf2c194ca2c31073ed10c6dbb22e12a940ac312fa1c9a17a0789fbc3f108fa0ddd2b7123eca47c044d926e1b43a0ac3767aec952849522504a94a6c409e556cb5822f09845a6d38710de4821ca7cc455818aeea98d2ace49fda274e698bedeb06d368af9c9d3fe9a63cc93b95b2f84572a185d287b3b9cb7aae7be30d6443ca1cddb58dcdcf31eca6a733186b2a7c527982def30ee9f6cc92de8cfd865f8d9b966013ae429025d096b42fb728fa16c1304cf74051c7ac646727ff00119c19863229da62fc79394a88b2c2b632b34d6b659cfdb03dee20cbbee70b5da96007e9a7679f94540132660b4c80349a8f8a843046d349b3da2d48989984f4b308c0ac22ab512fba5f385e5e5cb4742b8ec4fb3b7305cdb40649c2a29de5a864fa006397659704f9c8a0658cbfcb4c7767b6aecf2a7da5537a4485ac94e1a9abe74ec8aec56e44c9f3a6a1ca4cc0d8b3f2691df1af95b4fc51d51f43908a7c389861744ce8e6202545ba09601fbd32b09953ca6bee86d654b4c94dad964bf6f4935fe50a9aa543b16e411b576d5192b0544d06629a42fb9e5932257a89ee8276a53e2943940574a01912bd44f708fa0ffcf376c97f2492a44ef996532ddb51de22fd92fd6a512c029c0a92defec816f39404b25ce69ef113ba6d2173e4072aa9e5c637f3e989e88af6aa67d767d1f2e428554a405744951909649204c6760471cf3d6277aafeb93d9c07cf339aa165812f2eacd8f854c78115fe3454bc865ee820cd7a67a0ef8ea6ea3689b2909677512e480c189a80f142e51c3318902a59e99c33b26d20913e52a74c590318058967034829b697c4d5eec1effb80d9e7a0ee32836ea94a3913e701c212a92e8984577daa00e31a2da4daa936c9d2c49529581c92a491a11407b6338143029bd33a73307073af90b697a2e9a806629f86621cceba878085e9ff00da122e5bad7eafe70e675f927c082085e2a035a50f67281c9ca957b1d869f92ebcac025aecd42c48f675618de0a4f46a670709cbe70aef3bda4cc9b664a71258e677bd1cb28717ada2599653d23929f408f9c21dfb3d4c1e016cb2d224a4972583364ed9c76eb5a4a0bb1388d493ca2577cf48909066949614c24e9c5e39755b25a1242a6a927112c124e6d5ce1654e8ffd9, 2, '2014-01-24 14:32:32', 0, 0),
(3, 18, 7, 'hea.jpg', 'image/jpeg', 13232, 0xffd8ffe000104a46494600010100000100010000ffdb0084000906061412111514131416151514171e1a191818181b18171b1b171c1b17181a1d171d1c261e181d231a1a181f2f202327292c2c2c181e3135302a35262b2c2901090a0a0e0c0e1a0f0f1a2c241f242d2c2f2c2c342c2c2c2c2c2c2c342c2c2c2c292c2c2c2c2c2c2c2c2c2c2c2c2c2c2c2c2c2c2c2c2c2c2c2c2c2c2c2c2c2c29ffc0001108006401f903012200021101031101ffc4001b00000202030100000000000000000000000506030400020701ffc4004e100001020305030608090a0504030000000102110003210412314151052261061332718191234252a1b1c1d1f0071433627292b2d2e115245363738293a2c2d3163443a3f18394b3e3c3e2f3ffc4001b01000203010101000000000000000000000405010203060007ffc40034110002010204030507050003010000000000010203110412213105415113617191f01422323381a1d11523b1c1e106526243ffda000c03010002110311003f004bb42405aaf4b96085170278a17a8e864624007e8d3ff709fb903e612e5f106af8be6fdb1b4b98736c68c7f080868a2fa8550b55c0908094151a89a17788bb42c0618807530a769f973dbea86bd98a204c24b20a482e6854c4a0019a8298d300f807854b7280b41c9846f47740d8b56a6d1749e70a5228d7415114e8a52ea61401887d2a6af0c7b3a5cae6c24ca9a1779a987381376ef398818aae0abb316858335082952540bb3a4a8680b162e4173e8ca193644e94655e3685055f71814f38d79ca3a4de2df1576a308d9f76df515ebcf70c4997f1752c4f97ce02929c014934e8cc5208a1cd2ee46376b1ce7941302ad248c0ace4062744ee8ea14d23a44bb60b515f39384b4b5e3bc39b492c2882b1425e89c0ab478e69b6c0168212681640a8258160e53425b4a691a3b59dfe2d2e453be656db5b052c769dc4a6f2288376f14b25454493d30a048ddc330728b763331df9c93750a0412b09c1f79210b0b2c29773766c621b2db1440e93a85e2c661600ac61cfb9e89386606717ec56d0a253ceb6497e745f268025e7761bcc06700486e8a1b72d0f21490021214e9962eb26f73aecca53b8e6c9340e580601ca726a7b5925678fda302f6ddac2a429af64f7811d20a3fa658c525c1008a437f223933cf5824ac24970ac2684e0b50c0cb5377c1346bc682cd3d10bb1b49d5b240f0a731ea8f9a1a57c8f5e52a9fb74ff006623ff0006acff00a67fee11fd98b7ea787ffb7dd7e415612a741166abf3cb1fed87a531d60473be526ca367b758414dd7980f4c2df7921dc252dd558e869c6397e395154ab0947668e878645c6934fa9b935ca3147d11823268f442219b398f272cab589b712a57843802735691757c9b9eee654e21c90f2d4c09e2dafbe30b92ad0a4858496798ac86bd51605be63639683d91f40a34e4e09a3867876e729aeaf9ff0081393c97b4a56e254d09776e6d5880d8e9c207f29aceb4196149524df4d0820f486b0393b4663f4bcc3d910daad6a5a9378bb292d403c611a3a72ba6faa22587966537cbd744751b1d9dd237461893a756147c6913aac800e8bb68783bd5b2ac53b25a0048a65c3ee989ccebcc2ea94710ec71353d1d61cd4856cf7be9ebbcca9ce8e4b5b5f0ff000b0bb080fba28ef5564c0f9c81e7a0ac237c23869203378414c72eb30e26d6d42141b2c0e0da694ea84cf8443e012d41ce7aa2aa15a34e4ea3d2deb997cf465520a9ad6feb901f92fd04e753abf114ac354b2ac9ff00dd858e472125202ca8073d10e5e9f34fa21bc586cc0d5732b8783d317f03dd0054a8a364d3dba0ca31bdf511f940a505ab1c7f59d79c0452a87f1f6432f286cf67bca6333a5e4306fe108033112aea98aaf351c51dc634d1fb63253bbd9f917cba0eff0007ff00e593f496dd7979e90ed66596c558135cae874a8662bef5847f83e3f9ba5f0bea07b48061eacebf148a1c83d19c1c3438eacf1b4f65a721746ce72d799626855cbca21f129398d6a1c1ce988a8ce2b4c375f04e14153a92f896700076750d225b6ce37425b0c475d52694ea219df8b4569eaa03d4fd8057bddbaf846705271d56ed9acdc54b47b2137973f2093fad4ff5402d9abbab4abc950570a106b07b96a906421cb0e792e59dba556ce2ad92c763510d36787045509e90765962774eeee07554d695e8f04eca4050d69afa86ed5b7e5992a45c6be2a4905455a9dd009c012cec05442cda273a5438183c8d8365533ce9da1010877a6f8ad138ee1756151115a76159a5cb52b9d9c6e834ba9485961506bcd87bd4378d07162a328474572cd3654e41abc1643c22b1a0c35ca1bd4a0ec85a0241bc97b8545448725ceef0baec12056a6143e0fe6912a9e5abaf23ac394c9c12a5033588d54bde183a48e97e0730d1f34c5fce9789d0d1f8482deb48954524a94a7202810e74ade6a3d733d4ca3252eecfe379c986fda2a55c06f12159152896e209a64438c3833a859558f5abcc498df05cc55c5768f88593252a0ef992050117b2f951e889059938d29f387f7635b386ef2301882c6bccc58b8a02aff5544ffe282b503518b5b03e71ae20b9c88c4a94ac012d8c39f26ed133f264b082a0ae6c849480540924380a5252e1dea4426cf571f772340d5061a764cd4a364a153137d1cd0bc97c524b1ae45893d6219e0d2b3b9a60edda4adddfd97767db66c8932e52654ef07e3291289556f3902d22ae5c924bd758cb16d0992e5896a93396908ba3c18d1abf9c1046a001d71eec99529367949202a500f2d4521d41dea822f2575a9018e20d587b67908972b9b9694ae65c65129094e0c4acdd729cc8179f4ce0fca8688193242e5d8932d6661b935094f388e6d575c306bea702a017c29945c9610c1ef3b559bd9012ce648b15d924a932ed08499843198a6054b6f145580d0086493212529c4a88c1d8339142c706723d91e6095d7bc881451f3fbd3f76345197a2feb27eec5b16643174a83712407c1c818f01f846aab2a5b7924382cca7a87e0cd4ed70d129a07cac424ade75a3f6a7d03d91bc935310c81e1ad1fb5544b2455a114fe2675b87f951f0469316440fdaebf0733a8fa2085a51afbb407daebf06bea3e88c5847260fd8f54cb1d5e983b674aaeba50ea06f1aaaaf7700d5237b360e4b17807b114c947100659d3383dce240248614c521cd2f505ead0839623aa0a9dce3d7c4cc54b5a19c14922aca511754525b855cb28d18e64403b116988fded341062d13d195d2fa01434fd60a8bc28c71e06044b9cf3924d1df8e5f84515f2b0cc35bb7878861368292958c988f4c152537e803294410e6b564a986aef4a3e9580eee3dfd904a5cfbf2a9d2453ad34208193357bf580e4aeee7593895e4ac098a2c28aa07c0310a34617b2275576c41f95e6f96aef31aa2614850f196c4be42a73ccb83c075d2af3474f3c6794d6115a9b4f98428833ef10487f8bcb20b1a97e76afac6c271fd30ff00b697fdd88176098924736b2c4870851058b38376a23d976299574cc3c2e1a79a351228a2dcbbe43f3816949aa79a4cb21db7992b2e300ed4a6b0b36aada0f5432d8e4aa5efa8118a520a482a2a491986600b92fc2af0b368ff00307aa36a3f10362b4a6ec599d6040bb74124b3874a9b7525b0cc92470a1a830c3b3393e9b816f288c5c845dbac0b3945ebf79d37189a3e1580765065ad2a530a82140924331717487238e7db0cbb22c0a29e7048042577cd77f9bc6e996f44355c0c3846cf4d3f1af70b2edfa7a7797b67ec69336f255725809706e4a67766a818bd1b3e11cef6b5984b9e5090c133086dd7a166748638654d23a96d1f0ea57352cad41d57c2957949a54a0aeea6e8201090006a3263966d84b4f639288a10736c450f646ad2b37b77743d093cca3baebd42f644902587045c55f4bb1625401a9ad7022a0e38c1db04f0a29092bbd46ba6f12ce05e29379680a05d89c064f02ac96155d00a54d76ea85d532812a38f34f9838e2018bb65d9680a513254413b89216528208560c2f0e0ac5e1749a6365728edf0af8b78420cd0595d23303dfba26289209c580c075c19e474c2ab2ca484cb2cf552013d339b3c05e50d86e495397721c94dd347c4002f12e4951a9682bc913f9b4aab5d0a5750be43e1a96eb220ba11528bb8bb1adab5ba8644dc4a932c24167e68177766a570271c23c4a157984b9583dee6b76a01a1b8e71f318dcab4290d743aba4ce1407072c5aa58078f26482eabb74281660c03ac12706ba4e4e4e2598868f655d11826fbc01b426136db192123c2b6e80074935a7a63a827178e653e40f8d593513477de48668e96955639be3b1b568a5d079c29de8b7de5842741e6ed11acdc3b3db19291f349eff646d697bae4114eacbaa11598cae7129ca6bc5bfd45416e4e4eb399a933c908150fd1bde2dff9af88cf3a3c0bf8b296a981295165976a8ac4b23674d296e6d7f54c7d0b0ed76695ce554926f5e6ff00935dbd3eca89ebe614552de80390f47ba4f8af8135f340f54d0a5060dbc8fb42343b2273bf34b619dd3127c5968ba5492975a310456f08d25256b77afe4a54926b73a44855075413b26d0012c491d4711571c1f5f4453b0a6988c22eac00055357c4b60dc4be9d60e30e3115a153f6a71f5e42bc3d19c3f7232f5e654b44ebc5fd6e7b4e70a3f0847f374fed07a0c3f2ecd8e147cb46e3c5fe8d6b087f08ff0020303be30c30315f68855a328c159245d61e54ab4653776d80b934add01dabc3d608d619516aba9202d353d1f05d87a3dd0bfc95520245fbcd5e8963966e21c25cdb280ef69fe2ff00ec85b5676b2b3d86d08defa881b6942f1c3b2e7a008144fa384336df9b67be6e89a4be2563abcb80768992ca4dd4a9db12a7cf4bc728cd4ef2d996b596e39f200fe6c34bca7eaa3c3e4b340cf5a778f41607eb4217c1dabc0fefa9bac84b79e1e254cc1f2ebc09a81a8a9a1c235945c946dd0014946524fa97e70bb460a4b1615cea520e742091c691466b170383390716634032d7331667cc0c90a3d12d7b467c07d531a4d975c9daba160b34f4b76462a56b66dcda51bdedb08bcbbff2e81acd4fa15002c58883dcba503291a09a9ebc1515ac36bb13a5e44ea383e145464b7ba37f1dd0c9af08e9704ed9b40082fdb5f50a2a54a44a42d2b51597be1c5df9ac19fade28ed1b43a15c47aa0959e558c804cb9c5a847380382dbd41d2c7743270c5ab06d14595129575134ac0205e99ba68194a61422bba9605c6952d3d7665adde50e407c9ff00d457d9876965925940037ae5ea31337a4a19a4a01f292f7a98c267c1c59d4b96aba0a885a8b004966032075d21e17b36628a8990a24ea95be4cde0f7681a805291f33c5fce9789d1515ee83adca74970a079c53bfeeb71e8903f06855b0e7fbdfd50e7b4ac334205e96a48460e1540ecce50350ce68cd09fb2a415601eaa0dda637c2349315f12839654ba97e584f3882b4a9480b378006a2f970e22ded49324aa5fc5e52d3e55e0a625c3339393c492f654d35e68926b44f9e882f16d5b367dd239957d42ff00f8608ed15d3bfdc0bd9e566adbf76bf4600b42a834ff00ed321c3629427654b2a09204a06ecc5252825dd214a51000bcd8e30ab6bb1ad21d482966c411ab7881b130dfb25211b3251e779b0652073985c2aba02ba82887e0f0d70524d4ac6b8384a3524a5d17f66bb376cca44b4a973a52e7abe50f3d24d5ea2f19a0043502461a3bbf92369cb9b26ece9b2cad281bc2748bd7c0e92142692953d41a0e38c14b1ecd52e5212b51e7509dedee91cd4e28b49c8e0c722e22bcdd9aa9725940ae7ad1ba9012a55fba30043305e2a3bac2b07e6ef192014c2a558c2d694098ab420cc32d685254aba05ff06a290486714ab9ce182cc692cb62c93a005672e3500e1ea076f94458d00ad33149b4242d490908bc01bc1374004268976ab1ec3965964210a62cc450124ef1c8698b9e19e10c16b7c4bc0b094ee875e0051cbd487ca95a55f3ca915e70ab62c0971974c55f1074c69a3c485da89603237c626ae1df8ba71f3442b048e8a804a544b82314a86271a9cdcd713588464ce75665785b41fd72bed1113cb358a367daa652e734b44cbd3e63de0955d01477aa92c2b53d516a5edb723f3793c08481bb9ae83a1f3a13495e4ce9a954cb4d2ee46d3cbc03daa7c1afa8c17b7edd6c2448e2e301928921eeab239f7c05da1b64cc9531264ca43a4d52901408c52ed4228fd719ca26bdb2b58abb190e25f5a7d3e783b212496094a6eaa81851989dec74249f2854e100f620f9338dd6243b5017ccb4312659e6ee952e8c52ca4000860f779e37b0c28c6a348de72b1cbc6376c89730ba522a904eea81012add0180346ddbb9618b9100b05cbeb3e88624ca6bb76fdd410aba4a0d41181bf414d0b39d617ad12ca66a12725107ba297595d8270c9f6f0f11aec5b252b015cf2525b02053f9877c129562010473920b061ba29c7a78e7da615e51d47bd7861efd45ac56cdc5384017581ba1c9029dccefeb665f2849f33aaa909752d2ec62e94f3d20022a42439218b95738e4d33e3ac53fc852ff004e9f37de8ab6eda2a282c1252775eeb10684a49f3d723954406bfeec233519752f4e9cadb98b9528288499c402c0f3a03f16325c75448896839cff00e327fb31e4cb09bc6ea9052f42664b048ca97e9124ad9e455d35d66cbeaa6fc13714e5893c8b2a55542977935295ac29d2c4921a5a6a19d9f07391859b524f3ea00b1ac3659e57360a944138240521588502a2ca2c068d524429ce3f9c1ed8de8ee0d8ad29bb12ce44da052a9422a9cd29c193a37682f57831b1ccd6bbce28242af30bb89175fa3a52052a713435030c03500cba8419d8f8b9fc20d853ea279d5e883965933d2fcc2d7788028996558866dc7049030eda473fdab7b9e37fa57d4fd1031cae861d94d23a34ab6994ea490090ce43d0b38a8a3b07e031d79d6d85bcf2580751a0a0a9cb4111529b8ddfafa97a35149a48644da5574ac2969c5dd531c50172029dc382dc454021517acfb5e624037d48a86f0d337a829bb309729621490a482a09230243d8ee80e2f0a6e0043a702a0f8053104a94e92970c3004e5ad052909bd7aeeedc6729755fe6c1a8c4e02f5d29bac1c158e2ba0e15cabcaab52d52996b513f394a2e41aaaea94a6d1b262e5dd29b9c8f29e610fe30507fdf2f4d08707ae05f2940b8a6609f140c4254490c40a4a34280b72d514352dc91980595031bc0f120de535330eda675ac17417bba217e2dd8393a7312abef41bd8972a2d4388ba1fb01c62d82908209090e774310e9b8a49670e58b13f38bb6111c9940289bab069987200c881402ebb25f021e81ed4b9490e59c038b065350114e22a1ddf8c5e31ccec0b27955c59da8a7b65908ce6f0f292718e880b18e7db626855b6c8435668fb49cf58e820b1eb8e67fe41a578f80f383fc8fab2741ef8d6d077483a1f7e31b20698c69691ba7a8f5e11cfa6c6cd238e7e569921536e16bcb2f5230ea2358bb64e55da0a4ef9facafbd03ed7615cc54cb89529a629d812d40de83dd1ed9364ce093e097879263e858651ecd5ce3e50a799df7bb231ca79c49054fdaafbd115b76a2e6dd0af1569d751a988bf22cf7f909b8790af646b3ec5325b15cb5a015a5af2487ab9c6346a3cbaa2b2a74d6ab73a6d9e630c3dfbe2d22d8de28ef57de8a4854491d3f634dead08956aab44cb2ab6f01deaf6c26fc2197900fcf1e830d26153e103fcba7e98f418c6bd2a70a52715c8de855a93ab1527cc0bc9d7b83b75e1a4334a5103c661c561b5a02216b93335090eb45f1a61571c3486b97b46491fe5107ad9f1d2e425a8e4ad657f21ec52d751476e3df38e3f3fd70196aa1eae3eb863dbb6c977a96640ecffd700a7da414a873694d31188c380f73192949bd57f05ecadb8d9f07eaf02782cfa131d0a5cc06ad4015a3806f114edc639efc1db734a7f295f6443fcb4b3706381771d99c6d2b382bfab8bd5d5495baff0005a42527a2a03ad5c03809cdd9abe68abb427848ba9389a68c3d1f891a45b97394c00c281dd40799401a67ee68dae582abd415666abe2062f99274768ca29e757fcf99acad91dbf1e425f2dc78047ed53e8542fd93110cdcb49804a9648bc04e41639865522a59b6e4b243c84be2ed2b16ba15f2203b65d1c0904d63a3c1b69cacba01535fb4bea5ce7257368b892998c6fa9cef577583b06eaac0dda135d2aea83b23684938c84f74b38e3e267ae297376ec45b5369c84a09f8ba30f25385583b531e90de2007260b526b9136ef06fc1fcdbb255c5646547bb500d0d5a9d7d61d27ce329452aba4900929c002314be2a7d69936891c825f825e46f963902c2bc347c9df2874b2b2014cd4329b72f56e12dbca0dd1272ae186bf33c57ce91d0d37ee9eed02a40bab6256904310d749a29b525a9954c266cc553ac9c81f18f03ebea30d56a96a486980b962012e5c90eb7f248a7171a4286cd728ed57a4bfb88df07b3177116ed17de1bf8c251464923e6a7ce5bcce49cd43a312c9b7850655d075ba909fb2c93c6a0e6074a296ce5a113019a8be918a1d9c1e398cf4316f6e5b24cc997a44ae6d3dd789cee0dd4f508332abdadf51476f3b39e649a76cba95adcb2c7d0cde6cbbcf02a10dbb365215b2e5df4a949e6d04a10e54a62921200ad4815c83c25da2590837b2cb318b87cbe8e59b1c5df63c952b65ca0909528cb45d4a8a921445426f25492096a31d218e09251907e0db94a4df77f65fb2da129b3a1531aa805328a48422944265914ba68e6a48ec1e2ad69559d6b45c4ac4bbcb460856eb942d1a12e9046f0f31ad276585484cc4385143a809968e900ea48f0e0a483bac5cbe911cfb05cb3ae6ad7302821d204db4b5e23752df182a512a375831739c1cd0c5146d5cda6c12b9a0a085da41baa3541214e8340ec450e61a0a48b34c6701551c606ed696b4d8e40984f39f1805692b5ccba6eaf76f2d6a2e03387a1768212ecc4a416001c09290ed8e2447969b01e23744b32c931b057bf6c4136c931aa0f691ed8de659090fbadf49397176c2213665548ba5aa59492ddc62e0b6ee6733536fbfe96693c37c8bc4f923319d31cb252c038b36f1a65465b37c9feab38d0add07f6b30e0edbfd2f9d56dd18d3411ed9938621882c0ba9d4dbc9ab151cc609d3542f73a98fc29772fe0dad541e7767671881e303e4f89dd02ad09642e8cc86c70ad00f287ceecca0bdb9252005020e574d03e3cd8a92a2e0a9f8e2ee43db3e4d785065800483bbc0e7a168ab2cd69ebd7af2bdc9bb499612428a49490e094f55411e723ac630c7f962692009abde72c66a9d86b5c06f3915340005380a7b295b89ea6d017a31ae07083a80e774aaf5e4b1374329989ad52ac5c25d21203b0022f5209eac410934da5d4bb2f6a4c7578553070dceadc1030242eeb0625c16234de65cda334aed00924bad58924e0335549ebf36104e6283242433245081cdddf19db1ab02fbf7db40c1e79f0c8a11bcae974b2c78eb15514a2da0ac349baf04fa85e41761a96d7841c912d2b5a00e880a0d573709714cce835ef07609679c4801c9340e13e7ab56182ccac54a52b9c720a72091966c9a5560d1850bbc07267555814996009a8a29d4c31a1485281c43864b61dd988fdef44304d5b2fc1a8a96a7be950b89baec09c2eb021b1771add2279b47912ff8df8c659ac694e5b945665de3764cb097a3a4bb64e6f63134be6ff4528b7057df8866da6ce544a66dd1a1492da87bd562f1b4b9d6715e790e73bb582b5ef11ac9dc10b348428b04250bab1482c5812525d547a316c43605c295a16d389eb86a956e923e4e6256b340cfba08505167a9a81c2a7168559a7c39eb31ad2bdcc3156c9a1626ed20a09dda8cdd350c007c2a1a0aec9b5907a0a3d4a47df8aa7c22804d300e4001ee801da82a1bcf99865d92645c484a66859268c1efb04ddbd814822f001379d4dc6088c9c7415c9465adbee5bb0ed04a029532ceb58bac034a677157e705d600e45f0348e79b526de9d7999d472033d12587508e944a252968b4202d835d1bdbc08c160d00a8243bb119931cdf6d2c1b428a598a8b3242063e48a27ab28995db6fadbd22d4dc6e925aea19b3048a0092343d13a02012487e2f9bde650380b81bcf5765256438c145212d3561ee051ba0243b5e3ba0ac978ea7f89f7c417b1cb207b7d86d29802486a9943958a1cd07e9752f5a8bca482a0f5735ad43de52d9b90bb05536c32d694ac855e144a08a295999893e6852e538641eb19018754e99ea86be46da142c3240d159cc1e3abc9581e68269c6ab8da96e2fc54a11d6a6c31cae4fce49e8cc39d65a3d3cf38f5c4eae4f4d50de133ea20614141370e10385b56067f5e6ff00763695b40be27f8937d7323d1a18b4ef757f0ff419d5a0e3cc0bca3d9c64daec608209980d401e3a464a30e895ef6508fca49a556bb192f4983352bc74f94a2dd90ea1efff00cffc4739c754d568f69bdb51ef0971745e5dae5c40f7f7358d2d677147e69f444c8c3dfd910db7e4d5f44fa0c21433671cb56d45c99932e1679849c7201bd262dd9f9513d8b2cf79f6c07dbc3c2aff0068afe98b7c93912953409ea2943134a5e50e8a0a9f7012ceaf43b8fa0e152eca2d9c9ba71949b6b9b213cadb45e3be4f6abef456b66da5cf60b2f7569231ccb664e91e6deb2ca953d4252ef8a134e8abc643f8cc68fd9567342ca7eda7d31a658ee91595282d523afd9154158b934802875c77b4cc71a3e78d206d9d4c07545f9085a86e849e1ba0f1a186f5e8e47da4a492f5dc2ea1594a392316dfaef272479473cfbbdbe6c611be1188e6031bdbe2b5d38c37cd98a05881e6f5427fc2117909fa62291a1285294dbba6bd723475e33ab18a5669803614b797db0c5669490311dbcd9cf8c07e494c64b84a49ae30ceae50ad21aec94f138e9e5080ea4e492b2b8c6314dbbb12b6d29254482087f98f4ed810a218d7d1ed866dafb7a61a782a69ff00e900ad5b456b4905988c8717d4e918294dbd57dcd2cadb8d7f075f26afa678f8a2ad9f54743ba1d9860e002460e486c06a28c69ac73af83c3e0cfd33e84f7c744416178b16007114240e3c0e9d4d1a495b2bee024ef29aeffe895277490e2ee6327a0af55e3963c6294e21f0663d9d583bb30c7373171804106b4ea01fa38549c0fee8e022ada525d946a961de40c7cee31888eff5fb1e96cbc04fe5dff9747ed53e8542dd93110cfcb3957a4cb0e03ce4073401c2854c56b3f232762962dc17c4e483e4abea9d0c74384928ca577d00e92bd25f521b38213511576ace741861ff000ccf0301c68bc85e3fe9e4083d558a9b6392b3c2092901817e9f8a9bca7dca324835d441eeac3a92a2eeb42a7201b995be4b38b00ec19dc8a66d9d21cae05556b0a50f9c80140601479cc0530ab534294ef83d2d2978f4ceba0d043c4a5ab55b71e79becc7cc315f3647434be129dad5783a9614a1835dd7a3456198614ed850d92adced569e51e23df0873da37824bde6e3ce0188c940084ad9877475abed1e11be13662fe21b47c7f21c9771419473d50e356df0c5f2c0e80878b289084070aaf946edee344cc74e7ba92e735814886c4b53d2f7ee999ea689a7ad40e078b95bf9e6415aec00947e2b6a0cda4bf06a6f24f981614a3770190ccb759ec17f654a0b5f3484a25a94baba42085123e7503712213f6b741552774fa0fce30f56600eca45c415dd42557432890962593310b492d5c1e94630c708ed161184f8a45eb2de3284d55f48280a19cc526eba4cc5b32964360183b39886d60f35cf26f2d9054c4b4c00a5d465ac864ac07c882cce22b5a3672fe2e858980a04abf779b90c94ddbec9fcdc8219f4f3c4568d9ea95669b314b484843a902548652464a3cc01a01420e10c33e9b07a055aeca1161b384cce712ab495a579a92b13141c1a855588d41867b212c8d14000322abea6a66cfa8a1e2c40ed89776c5650a45c52a7debb7509bae89858a65a52905989a3d4c1cb1d79b0d807718d14a70d98234a83db1edc12b3f79787f64a402c438701995855c36ee2efab97eb8ad3fa346e89240c378109385747a360c1eb6973d403129a0650bc9c8d1eba452b6a9812712839e0ccfde6aff8c4232672692e64835aae633624def10b516de67e316366cdbaa059f2dd0583b38963127ca1af7456b156cc83a95662aea7bbaa49f2f26ed13d9e870cd9c5083814a28dcee2f91f425e67491d127dc8b5b5ed0922e82f82b771c69775555fb7880576de7c1ab46a6993b71f2b8f6c16b4e0c01e175f1ceebffa98de1d7c49116f204b38574c0d714faf8c579969cae9bee2d6c74eea71e8fa68dd4c7082056429f366722f020d0829e234ea314763f413f47503d20c134252f5627e923d72cc6d239d8abb7e26d2d46ae1ef3be64e152d8bf0c180e203dae93921f35f1d3383465a59f77be57f6de015a55e15040f1954a70d18774677bc585e155abc3c431296c5f438757186394b299b2dd78e0a718289292c3248228746c315994413edf7ac1e93655dc17d2a17524a49a8bbd2ba4bd31a3b10ed9d0369733acac910aa73f3ca0484a4dea91517549425b33d1ca83485c6f76106f6958e6252adc21208bc4867218606b743d29e30ab9800f19591ad27a368babda730970b5a4519295ac240000006f68046f2b6acc25b9c9b46f1979f178af33682545cc8592712140027025b27c7b625956d47e8277d64fdd8dec2452412956952f71654a04b825449494a545ea70c5c76e50933d5e1d5d67d10dc368022ea254c45e2c54a293400d1c00402f5d584285b47e70ae24c6f495982e2ace0114cd4a0829538388bc0d4014201a872f5ead61b3629489493f1855e4aca902e928e71212a2e9e925dd202c8a905c35611e5d992ff00824fa5306366d8d24b14a7f872cf9ee411d9c98af3c10f5689aab55e4ae69972d22f00a5154b439002405285d77212ced405854729daa009e40760a38b3d0b55a8fd5486fb7ecf40416968a67cdcb7fb3093390cb038f019c5e719455b97247a938b95d3bb0fd8807f1457595fd4b82f2a6240e9234c647b0c53d9b696aeff006157a9307e4cc21384cff7fee810ba4c6c9682c729e72549a362f4283f6122187926261b14bba9536f54027c6566202f2b265e43ef50e656716c2f810e3f07769962c1282d09529d78cd520b5f3900d04d3a92a71bc55c071308cf493214d8a61c42bb41f644bcdcc4e0e78313ea8641b46cff00a314d27aa3d56d1b3fe8cffdca87f544ac6545ff00cdfdbf20decf17a66422ed59e4daaca0862140ff0038f643d8e9ff00c7b612f951350bb6d9952c10c2a0cc33705ea496a650e928d6399e3551d4ab19495b41f70c82852715d4212c53dfdb10dbfe4d7f44fa0f189250f7f71115bfe4d5f44fa211a18b389ed94954d981b098a341d431886cd2c841041ee306acdb627c8b44ee652953cc5121410702c3a693c7082f239596a20bc997fc291fdb8efb0d36a092390a959466d77be6bf273e5ca2e687b8c7b2504018d569c47130ef3f95d6bca54b1d52e40ffe385edb9b5a74ebbcea40bab0cd77321e890064234ceee8af6ca5a2fe57e47e906822fd96791e25ec3149a3615114aca283d9ebce2fa534a3fd5bda6a0367e687d5eb297edc95fcc5b428e5f7e2ecfe8473652d552957d523d509ff000800f301dc6f0c61f96cc586adbbdde28cab9569402a89f08c7c1015e90c404f98466b10ead2946d6491a7b3aa75632bddb606e4b3f374399f560d07153192ca2a7e217ae2d7bae027232dc65855d67552b8647d5072dbca09c125884f501ac04e15249654bcff00c1a294537716b6982493bc5ce8ae1abc079928b12c7b8fb20c6d5db938b6f51b41ec81332d8b5020970da0ebd231cb34fde4bcff00c2f78db41b3e0ffe4d5f4cfa12f1d0a4e294aaf31a3164d1c1cde8fc239ef2014d2c9fd611fca1e1fa5a986ee6c5875bb3680a62eef957801699e5e25d92b720e0dbc5b2270707a4281faf8454b5a85e2d8698d6a00feaea4989c2986175850d1f00c0b64e033ea22aac101abae0c300fd790e186718453cd7fa1b4dfbb6fa8a7cb8ff002c9fdaa3d0a85fb1ce5b8ba54e486625c977181726f311c60f72e8fe6c9fdaa7d0a85bb1cfb8a49001ba41621c16ab1198e11d3e0fe297d05d4be52f1634a133d096526724a00556fa6e804849ae00125bacb67017685be601d3586c1944330290d5f2491d448c20dcce534c9d28216ca2010ecc4838bb509e243d4d6a617368aa860e49e5799226fef2b3097c1e9f0533e9e9c07ce10ed25496f17f91fbb9d849f83df935fd3f57d130f3294dc0759f5498f97e27e6b3a2a7b156d645d2d77b90fe6984f98c24ecc5ee8eb3f68f1879b72f74d4f79d7f669f4c23ec897ba3b7ed1e104613662ee21b2f1fc876c4d4c3b6efad7166711aa3b2e7a898d2c2856aa3c0199ea1eb8b73a52d9dd69fe33f9e09e60514f28bdb60f835603755831c8e90f761b3ad5b3a4735344b524a15ce1530404554a2f8b018678422edb4f835e3d138bbe1c61fb61d9b9dd9f2d00254e03855e092017add524e3c72867845eeb36c25ef20c599f9ae70132e59495540de0d794ae69da5de0e6e8d6a017115f6b15265998a5952122f5eb8fcd1ca6193d1997686a5c33811b2ac53d4809f05740bac1534066663e15cd358ad69d996ab8a9604a521618833269a1c40f0ae97cd8d60cb07a17b6cc8988b1d944d5df59b4ac953de0bbdcf282c1cc10411d707645ac5c48ba699a4804d6f07749a0356fc202729acab9367b24b5009bb3c809495148172610c54a51cf5831216960e8069e518bc5680988f89781b9b5801aeaa9812a0e3a8dcd6a34314ed56a025a831c33214cc061ba3200760d045a5cc4f903eb2bdb03769cf4895319006e2aaea246e9d54d1ebab330d6e8e6db397f9acbc074aa3a75c8070e93e36943c45a97233000181ab803c90acc7eb7118654d3939b30ce909699290ce37ef85573494214c323ae1c60c27604c184eb376198187921d1449d387532548e913d169c9012d386ae6e96205436e8f2541be530577308da2adc35c5b00c0b1676f15b06cf1869b4727559ceb2b713308bbe4d107778402e50ecbe6a5b9b44998e43a5026b9d092b40058531c22ad6a449bcaf465be4ea4dc4fd1f9ff00d158372d0aa74ffdef7ff8809b010f2d38619ddfea21a0d04806973fd93fd6de78d26b511c5efe27a242b4561fafea1e2c2bed04b4e43f94bd786b5efac3319a9d13dd2ffb821636c29a7a3f7b4cfa9c451ad185619fef43c469b24fb2b242a5aef5d178826aa6a91e10357841a91b42c894e13852bbcbcbfeac27591784104aa9012a2a5cdf99d5ce9aeafcc256fb75954fbb34f5a95975cc80fce59bf46af3fdf88a64dc62ade1147452e6fcc954d2e6fcca72b6a4be3dd1725ed6943c6f31836793282851e6c120b512d4767d307892572264aab71b87fc465ed54b9dc5fd9d4ee024edb329a87cc7d9002726fcf24605c8ec0e7d70f6790f2b248afbf18b32b91f290c42038c22f1c6d38bba4cc6ae1e752395d8439728e8fd5052c1684a7a7793c6e9ff00830567723e5159ba18be15a6071ed8c1c834b80a2a347c49c7b60b5c4e92e4c5d2e1551f34796cb7ca54b212a0fa1a1f3c245ac78405b3870572280566df48bc1ab0f23e5240dda8ccfe311578a5392d8b51e192a6ef71264cf61d1a45afca046287eef64324de42cb24d19ce44c4439088c2bde60778da5cd30e5879f542bed1b4df96aa1f7ec868e474e48b22012d8f9c9316a5f20248c477fe319b4b91d2ca004b0bb4a16c7aa36a3c4a9d3774982e2387cab2b5d1626db65617eb1a2ad883828faa019e46247947b4c7a8e4824e640fa4609fd569f4305c2a696e5fb659bf39b39cfbf37ef87d929c0bf657db1ce25f2450e2f5ea6449f6e316e6727d40ee4d9a9ea98a01fbe11f1250c5d4538bb7d2ffd8cf074a78786596a74644ce27dfb623b6ac142b521a399af66da32b44f1c79d5fb62791b0e6af7553e71ceb315ed85cb01ff00b5e5fe8639e9b02d4b08b54d0a203ad58f12f04a55a258ff005127b7d51e4fe48a2e33905dc9c4bf5e314e4f238150178d75261e42b420ad7fb1ccd7e0f3ab3734f734b5ed04b96811b44debade5a7ce60e8e470f9dde62e0e494b0707720d4ab2aeb1e55e0a4a5726970795377ba0ad897ba1c0c348b826a787742fdb7624d25d131403e54e2dac573b06757c22a9c4c3f5c6f0ed6b1fe01bf44c42da6bee34aa783a770852e5ca49924b60479cb46df90e77e957de63d1c975aca44c52d49c71d3406914a9c6683838c63b9ad2e0d5a335294f616361ed0e6813913ef9c58b5edc0b3d1207677c17b5720f7b1ecd1a2247212ace4c0b1e2704ac1cf0136ee2cdb2d809a3e004452e5a94952824b2454e41e81cf5c3aa39028a3de7eb82766e4848491b82991ad7ce23297128377b17581901f90929464d01acc2c5a980877b3aeee01478350b404da7b34b26e2d48bb87364a31d6eb40f163b4f8b3e7f6acfb9898f10a4e369260f2e19573668b438998efb8a0f43515189c4e3411acf984d6e355cb115ed77c6b0abf93ad6c49b44e7eb39f645a46cb9b745fb44fae57d4ec3aa3dedf875ad9b27f4daed3f7914b970851b3a68584c4927bc63db0a72e68d63a1ecde4dcb9c1a6df59cafcc52c37513488edbf0692897438e00d20da5c7614db79594870a94639730a764b72302a1ea887682d2438524bbe047a21897f07681475f7c648e45c94e378bf1396b04bff92d36be0642e1124ef98a7c85744a24e0a53e7938c8c35cbda2d8377abef40b472652902e15a5f4511dad80eba4688e4c935bf31b5be7bf1c2394a956129390ca3859a5b84ad16870700fd7eb2614b65ac0749c94a1fcc60b8d86907a73143337d4d4d18f9e2b4ce4bcb2094cbabbb8bdda5ff18d68d7842e0d88e1d3ad1b662ec8b6cbf18ff203e93163e3925a8d87909fc6062f91e94a6f152d99d828fb7888d11c922aa85280cf7954f3c6cb174bbc0ff48af6d24bc8f369cc49429ab43806c784752e4aca962cd2c545330639fa390b2d419d4752547d0f132b665aa58bb2ed53d29180be4803b5e09a3c4a9437b8461f8654a77bb4cea8912fcaf7ee88a6265f9623924c9f6fbd745ae775def5011ed9e65b89adae7b1cc118f5b52095c52975613ec53432fc21a13f9ab29fc39ffc6b89644e000abd2025af604c9c12674e9d30a6a2f2dd8ea343c44079d639e937533e6ba68c566832eba44478ac2ef466357874ea59a7b0ee678c0c06e504cf01388c04b597fdd23d300a4d9ad4b5079f38038e1ea1483f2f636e34c54c5be4a2483d9847a7c529d9a4998ae1b513d5a11b92f308969a1f730d027a7bf8a7db15ad7c8f4a944a4a920f8a970229cee4a8d56e737fc6172c5c47893514ba162d2a7341de47b616b94e9dc1d6308368e461578caef304ecdc8a96404aaf9eb563ef58f3c4c373d26e5170ea2dec0b709480e541d23a248f4110597b711aacf5a8fde8f6d5c84482402a032de314a67246eb315d4794446dedb49f5147e9d53934593b6f4e73eb1f442ced55154e0aae07d3f8c1e91c9420824a8b6578c5aff0ba661aa453d9f845658ba76b235a381a919a9b6b403596da848a9f345c3b5e5b3391d9054f22a4b0377d318be42cb03a35eb3182c541751cba937c979ff8009bb49193f7441f1e4f1eefc6197fc1329853b236ff0007c9f20f7188f698779eed27d10dd325012bacb7bf7453145b65f8479190a6da154f72628de11b4e53831e46478f742094a2504e0c1fce22e59ea13c43c6464791322a4d5b2dbdf38b364984de7c80f3c646458a1625228f9c6495d1d84646443dc9e46866924031023d7eb8c8c8bc4a332d12c071c63508119191a5884c86d281520313a47b2461191914b1aad8f26c91fcc7db18a457b04646441264dc48f7a027d51e24523c8c892096526a22c734091191911ccb3d88268df232c7d11e5d00506223d8c8bb288d2ce03e1845892bbd75c0c74d58464644907936aaafbb1882cf2415619f6c6464423c4883f69bb18c4415efdb1919104a3cb80b83a88939a014c07b98c8c8af32e6246e9f7ce32560fa103bc29fd1e98f6322482d6ce2c4b7bbc5c130872e72c6b9464644953254df06ec316c35689172801418c6464494205d8d24a69d2c7b03c796bb3809a61837068c8c8a17b8266d8d29934f170c38f08a93f7702455a323225170d59805155e0f80ecc622b7d98258a6988a46464423cf72cece538ec8b7364020d232322dc8a73176d124214e332625b2cb0141a32322a8d584d0b7001ac453366214e482f48f232251467b2ecc949a0e117102a6323235665cca93774d237916644c26f2450644fb632322a49a4db3241a08d64ce626980e3ed8c8c894432495349525f3896d121243b66d1e464433c8dfe248a0ba3ba30d952092054c79191e248ca05232d1674dd3ea263d8c8f33c8d17b3109767ed2ed861a46bf114fcefac632322d62b999ffd9, 2, '2014-01-24 14:32:32', 0, 0);
INSERT INTO `resource` (`r_id`, `c_id`, `type_id`, `filename`, `file_type`, `file_size`, `file_content`, `uploaded_by`, `uploaded_date`, `avg_rating`, `flag_status`) VALUES
(4, 18, 7, 'virtualLibrary_img_back.jpg', 'image/jpeg', 10485, 0xffd8ffe000104a46494600010100000100010000ffdb0084000906071412121514131416161517191c1518181818181b1a181a1c1a1d1b1d1a1a161c1c2820181c251f1a1d21312125292b2e2f2e181f3338332d37282d2e2c010a0a0a0e0d0e1b10101a2c241f242c2c2c2c2c2c2c2c2c2c2c2c342c2c2c2c2c2c2c2c2c2c2c2c2c2c2c2d2c2c2c2c2c2c2c2c2c2c2c2c2c2c2c2c2c2c2c2c2cffc000110800ab012603012200021101031101ffc4001c0000010501010100000000000000000000000304050607020108ffc4004a1000020102040304060704070606030000010211000304122131050641132251610732718191a11423425262b1c13372d1f0538292b2c2e1f1152443a2a3d244637383e2f2162534ffc4001801010101010100000000000000000000000001020304ffc400231101010002030002020203000000000000000102111221310341516113d12291b1ffda000c03010002110311003f00ef8671a7b4c3369b89e867c7ee9f6d5cf07c452f0f06a88e37c8ecb2d853997ad973a8f2b771ba7e0791e0ca0455570f7ded3151981530d6da5597dc751e53a1e86bcdf27c3f86a65f969e8f1bff003d6a630d6d5ed6560083323df544e0fcc2ae21fdfd08f68ab9f09c402ba1902b8fc78eb26b2bd1b58c4360982b92d86630affd113d1bf0fe5f189ec4d80e3f2a6f7ed875208907420d4361312d82608e4b61898563bd927a37e0f3e95ebc2fd3957b89b194906925ab162f0a1c48f71f1aafe22d15315d426eb5cdcb6aca5580652208201041e841dc5742bd14198737fa294b99ae6088b6fb9b4c7b8dfbadf60f91d3d9591f11e1f770f70dbbc8d6dc6eac20fb4788f31a57d54522a338ef00c3e36df6788b6187d93b32f9ab6e3f23d66a2be5fa2af1ce9e8e2f60c35db47b6b03ac77d07e25ea3f10f80aa3c507a0c577a3791f91a4e8a0088af2950f3a37b8f87f1ae5d22838a2bda283ca2bda283ca2bda283caf68a280a28a280a28a280a5f0f3ded264409fde14924489da75f654bf13b796f5c03419cc7b0991f222b3965a6b1c766d757322663de59103c371aec373b4d167bb3102411e7af9ff08a28ae773adf18e05a1e1f1aee8a2b3b6b428a28a83ebda8de35c0ace280ed57bc042dc5d1d27eeb7868254c831a8352852b9af53cecb38df2c5fc31cffb4b636ba83bca276b96c4c0fc42577242575c0798dacbae63dd3a48f5483f956a5558e3bc9b6af4bda8b570ea604db73d7327427ef2c1f1cdb5632c25ed53b81e20b704a9d696ba0302ac0107420ec4565e97311807097148076132a7ff004ae6c7f74c1f25aba706e604bc353e47a107cc74a9a669ee0b107064231270c4c2b1dec93f65bf0781e9eca479af8fd9b176da3abc3893715651019033199d60ed3a6b524c410660a91aced1e755fc1b9b376d82ca70c090e1c4f66088024ecb9a20f4d46db5d929fdc52a62b93537c4b060f78542b88adabc2f5e502bd06682379814764b3f7d7e5a8f98aadf1de42c3e3835c402cde3f6947758fe34f1f3107c66ac1cc274b63c6ea7f780fd6a6387db11b6b41f34f32729e2306f96edb207461aa37eeb7e860f9540115f5871ac2a5cb652e22b2b6841133f1ac8fd20fa325b2c6e60dc41d7b0732fff00b6dbb0f23f1a8acaabb478d371e15edeb4c8c5594ab0d0820823da0ed5c5074c9d46a3f2f6d715d2b46d5d159db7f0fe1fc2813a28a280a28a280a28a280a28a280a28a281ef0cc176bda7e0b6cfef1b548715326dbfdfb48c7db9729f9ad3de4db1a37e36c87f7554cfcdd6995f53f47b33ba1b968fb9b30fef1ae59ddba63d19514515cdb145145014514507d895e11403457ade77052b92295a281a62b0c9754a5c55753bab0907dd54be2fc9cf6cf69846263ec13df03c15ce8e3f0bfc498157d2b5c915067dc2b994acdbbc0ab0ee99046b1b107543e47e3533cb97d6e676de46520f5f1a95e33c0ace247d62c3010b717475f7f51e46479553311c3713c3cb3476b6664ba8823cd97ecfcc798a9a66c5c7038c385391f5c31d013bd9f23e36bcfecfb3694e218104661555e0dc752e68586ba41f811153980c4fd1fba4ce1fa1fe87c89fe8bcfecfeefab2558697122bc1529c4b03ac8daa2cd69511c6b5bb875f1b93f052dfe1a97c131150fc4de717607dd0cff1565fd6a770cba5037e65ba56c12a60e6583efaa7dbc48763a43eed2649f3cc7561e752fe91b898c3e1558899b806f0362753d36ac3f8c735de76d1b28e813bb1fd7f5be11455ff009b70981b96dbe94cab700ee153f5bb1d001ab098d0e9af4ac76f200c40323a78c798d81f79af6ee2598993beff00e7e349541ed14b59c33368a248dfc07b4f4ae6fd86462ac0823a1a8af241df43e3fc7f8d26cb1bd7b5d6e23c36fe15509d15ed141e57b451405145140514452962d676551bb10bf13151578e59c3e54b5e4b0479dc97fc82d45711b703149f72fadc1ecb80ff00955a7832fd5dd6024839d7d80a81ff00203503c46dfd7de51af69879f6b5b3ff00c2b8bafd45728a28aca8a28a280a28a28357e1f8c163bab7efe1bead0ea5b2962259a4cac693eb6c2bae5ef48b8f7c5f621adde4ce5466401b2a8d486523c0ef359b8e6bc6248b8d9a572f7d75cb9726e20eda52dcafcd0b86be2eba318565ee1132c449d7d87afda35da4b1cb7b7d089cdf97f6d62e279aea3e71fad4c6078ee1ae0917547ef777f3acc386fa4cc2be86ee49e97108f74891f3a96b5c5b0d7f54ec5fa936d964f9695cf9e53dbfee7f4df197cffad396d4895208f115cb5a22b3625d08ecdd936800907e22a478773362adb0ed0f6b6fa8819a3c8ef3edad7f327f1ae856b82b4bdac6dbb8a194c82247f3d0d2376e457595cf4ac717e50b6e4bd88b4e4c958ee39f303d53e63de0d45e238a5dc35c08c0a88d88d0fb0ecc23c3c758abc76c291c5d9b7754a5c50ca7a11f31e07cc54cb197c107cbfcd20daec9941ecfeaf78d07abbefdd22bc7e33649339d7da01fc8d56386e192c626f2dccc72e55033012549058e9d5729f755df09c2f0f7d67b323a4edafe46bc39e7f36397563d18cf8ecee29bc4afdbb98acc6e91696d8122412d98920e9311f9d3db188c0eddbb03e21dc1a7fc4b94edda0f7373202cc786bd2a996f0285002a01234dff008d7b7e3cadc775c33925e93fc50217b0ad7d2f61dae7783804e8a7463b329f3159ef3bf205bcc6e6009604eb660e9ffa6c771f84fb8f4abcdae1406439007ce64c6b0069a6dd77a7d6de4e569f222b8fcdf2dc2c91d7e3f8e653b7cf76b82de66ca2db4f81197c8fad153586e4f2402d7ad9680c52df7ca48987630a87c849f2ad538e70e4758bba00da1813201e877f7e951d8ee256fb3b56c277110805214f4dd4e87da08f65631f9b2cf1bae96fc78e362ab86e17d92c660a1642f5248d345eac4ceb1eea6fc6784a5e42d22d9513da5c3ab1826206c0c7b8f4a7b8ce3010365013bcdac4bb78403b440dea9fc4f89173bfb24cc0f09fe4577c65f5ced451140a09af62b6cb971f3af29403a7f335c4551e51457b5079457b4adb4d0d5423527cb7872f8858e9afbfd55ff998546d59393f0f25dfc23e0baff78a566f8d4f571b8df47374011202ac7e2d07c9ea2f8e607b0bd8227633689f1cdddf9c93efa99e3a82e62d5176b682fbff0054c28f7a927fab5cfa4db5162ddd1bdbb8adf21fe226b9b76b36b899495f0247c34ae69f71c4031172362d987f5806fd698d61a145145014514504f5ee386e5aecdb211004ec600cbd7ca7de6bd5c3e1ce1310ec83b50ca54c400a5606a3a960c63d948dce56bf6d8add508ea4abac862b060fab2a7e35c71afa9c2a5a0b01db3963bb1d3a7400691edaef75e472efd39e4ae504c6a3b3bba65300ac1d7cc1a7d8df467754fd55e46d6066057df226a4391788fd1f0d051f56d481a49d84f8eb561c2f30db2573310249d8fe75c72cb397a74c71c75db39e2188e2380b8b6dafbc9d5467ed177e81a40f854b59e7dc758fdbd80c3c59190fb88d3e54cb9ab1ab88e24b07b80a81eeff004ad446350db1b1d36f955cac926e2632efaaad72f7a5db76cc5db57029dc295613e3ac11572e1de9470377fe2043310c72fcd801f3acdfd255bb02c8296d03960330500c01aea29ce0b90b0976cda25ae25c6404956104c4ecc0d265263bf0b2dad753996c9db330f15cac378dc353a3c62d4c1241dfd53fa57cebccfcb670195ed6218e66ca201561a4fac0eb52f6acf19b0032dced56068591f489839fbdf0abcaeb72c4d4fc356e357d0dded527bca24ea260781f203e15eaf15ba320ceda89dcd650fe90715698dbc4e18660358cc8c078c1cc3f4a9ac17a49c23c67176d91a6ab997e2a49e9e15cb3c32beb78e58c5e713c45ca8cc490da993e47f8533ec44ae9d337e55196b98f097800988b64c1819a1b6f068352eceb133b0f741ff4acef29d35ac6babf89600798fd057b71ce66d7c3f5a6b89baba0f67e62bbbb8b513246f1febf1359f5a41f39f124b21734925890a3720291ec1ab0deb3bc67313400b0b0234d4ebe2c74f9568bc5ef612f10b7c5b7513bea469ac11a8f7551b9838360d50bd96750224196412637f5b7f335dfe3d7dc72cf6aadfc63313aefbffad37ca4d7ad73c3e3feb563e5fe4bc4e3105d5644b649199899d0c18503c7d95e8714058c397308331f90a90c5f04b96d031d74923c06a27cc08ab7af2f0c2b8b45f315600954ef36640da0931bc49f9571c40f656af08552c84431ccec0cf59d207b6b36f6d48a0c5737075a522b87aa8e28af6288a0156695bc7a51696049a4cd5473157fe46c2816893d413f227feda80e13c0a594de07588b6343ed73f6046b1b9a9de18c56c35a5f5998d91ee62a4fb82d73caefa6e4d769de5e4cce6e36a6eb76609fb86d32a7c489f7d73ce1895bb84ecf4936f311d732ae7d3e7527700b4a8440cab6ee0ffdb7fe06a2f86610e256e5e2b0066ca3f01cbf9e63586ec5138a89166e7dfb4b3fbcbdd3f90a8fa91ba9fee96e77b576e5a3ef87fd0d4754beacf0514515014514506a2c5aedbbaec30eceeceddfd1835c752da8275ccd034fcab3ee6cbb9ef2a840b1a42b16064e912047f9d59f89e1172a77ed31399f71b804fcd80f8d52ef0cd8a200101a201d34d37aed1caaf9c1ae844b76d9710b045c6cbd932e8a2081989f1e9d45397e229d99b6aee6d85283361df579562a18281a11b93d4547ae16e05ee2dd0caaa0f7fac82665bc2d911e7e549f13bac9688b66eaaab110c148cc563ccc9283e3596e2b7c26d2be3492ca144b12741a0daac3c36cdb366db9bb694b1cc54be5233176d7dd03de2abbcbf7195713747dc2263a993bf4d62acf87b77555103f722428287d5008dc69eb1f9d5cbd6621b9dd143da456b6c1bbdf5773381d20e9a1ab72e19addb8cd73385cca56e21015428320b78cd51f8edb76c6aa36ac081b2f89fbba1d2ad16b07949fab4ce4cb0369606e16083a4e94b3a59ea139e8dc43645c2c4892672ee0c1883ad6a69ca18f2b1dd8f6af87ef5651c7ad76b8fb16b2aae63692154a8ef100e849d66b7516f721ae6c1bf6973de3d6ad4c659db372bb65b82e078abdc66fda51376d5bef7abb428eaf1d7c6a4f9ef94afdac2debd76c280aa3bf96cc8d637174b75e80d2de8f57b4e318f7ccf0ad121dc123311058193b0dcd49fa5c6cbc39fbce64db539ae3b09d09d0b1f0a7189baceb84f270bd6958a5c072ab12a3a1133de31b1a67c2382df2d7859bd72dadb609a10249db377c0fcea73025ca0faa5808a0fd5b9d028d77ebb534e51b64fd21f283df217eae7bcc8da6a7411536d23317c431b6df23dd0e7287f5c6c4c01208ef796f4a5ae626062f58666326658e911a2f51d77af71171db10734484b4ba00346752bf2229e5f7b9f4bb66e3f78236b99560680019454e8eca5be6cb1de0a3217eeb4a2a88d7632de3b92291e61be1f08d1755a0a2c2b211b83ea893bf9d75c570aad8b5042b86b770c49b91df683b6fb01eea85e35c312d9bba1528b688195975699d1bd956486ebd7e0577e8cb7c27d5ce52da7ad00c1f756a5e8bd7ff00d7dbfdfb9fdf3594e1fb46c21ff786d2e42e1e1a0e8a33ccc03ac6be1560e0fcf4f84c3a58b76424127b4725e493ac00163de4d746163e7bc5b5ac43f78aa1c84e51a93d92000374daa8fc4b1b994803283ef66d23bcdd7fce8e2bc6df10fda5c7ed1fc740074d00000d00d874a88bb7a7ccd674bb7074a4694084d77d9789aba42216955b606f4e70f84771dc4247de3a2ff68e86a4709cbc58f7d898d085111fd66fd01a96c8b25a87b769ae3054049fe7527a0f3356ee59e5c05c6bde89cf1a0dbf660fef039c8f60aeb806055641885679f329720663d741eca9d5e247313855ce55594b6c8274dfed68836ac6596dbc7136c0e1d6dda72da1560c64c13d0c927530c4ebe06bae59c2e7bd7f4d14dc2079ba0b93f3a7dc2b83037035f7ed1b3e52221406b61fba9e3eb6b483e37e8d89c4e51de6169d54752eae91f10b586b638db9c55d4c2dbe825d8745cc047bf4aba760899428eedcb4a447c3fc6bf0aac72ef0e36dd675b973b5563e6d6f30f815115636c628c35b73d3b4b7e704e64fee2d3f49fb6458cb11f4fb5f72e25e1ef3def91150156ce37ae36f408edf0efa798931ff002554ea55828a28a8a28a28a07f7f8912356b87c3eb188e9d33790f80f0a8ac03fd6663fa1fceae5cd7826b36ce7112a0c669f5848d3f9de98723f0d1724b5b6704f420774466dcf9d7a3975b71d766cb8f8d9d87b1547cc09ea7e349e3b89136c8cc4edbe6dfc77dfceaecbc0ad8977c33648311d9cc966cbf6a60011e71556e74c0a5a90a850668008491d402549e952652fd2dc6c45709c4116993300198319075ca6637db4a9d3cc2e72cf6042ed29ed1af7b5dfe429af00e11da32a6424f641c81bcb3803e5f9d4d59e5a42858dbb9a49246680a235dfce9ca1aaa8d9c64e2bb42b6cc19888431e5561c1f1b09ff000acb6fac904cc796c234a89e56e16b7ef3c86280f40c48593274d7615636e5ab45e10394d08252e4ebb7c60fc296e3f64955eff6a86e2298836d4047173206d3ba7300188fd2b415f49407fe1c693ff1ba19d3f67e759cf0be19da5fba209093b0263db1af4a9fbdcb76d6d973da01035ecde27a898e9579489aaf79179bc616e626e35ace6e96fb616276fb2675a71e9079d8636cf642ce406e079ed336c222328a82e5be0a9770ed7199836621404620811273010226b9e3fc105a3600cd2ef94cab0d6608123523f5a729e1abea4871e81fb34d80fdabf411e1d62a33807151691c65439998f7893b8898f2e952cbcb8991d88b8328627b8f0001324c78e94d396781dbbb87ed1f3c99cb0ae4120b69234fb23e35378aeaa36e710cd799bead74b7b2e87241da7a91af8d29738c37d205c0c010912a8075f0835ddbe163b6ba32b775eca0dc7ed18023533a8269e6178229c5b5b64785b598813325a06e69b86aa2b11c51def062f709c856412a6334c77634934dfe93f58cd12600d4c9f8d58ee707418b6416da3b1cea0849f5c093263c4573fec81f4eec96dc120774e599c8f3b69bacd39438aba97da0c47ac4fcc571d93b7463b6c0fde8fceae181c095b4c4a0fdb8504b47db23cfaf5f2a31d7110a06ec14a301ebccfd7932741d163d869c8e2a7270f626029074f01bedbf8eb4e470abcab9b2061a6db899f180763b1a9f6bb6c5d27b548c96c82aa596433f7441dc79d75731a1a1159d8116f7c8a09cbaec19a01634e54d431e1fc0bb42c0f680a825830c8446fa1067dc69ee07855a5769cb0ac5733413eac8d4e9d46d531cb96d6e4bbaddb8490c63b423576d09d011948d4f853ae1b6c0bb7f2e1d98adf5207741506d20ca731d35ac5b5a9239c2dcb42e235b47ba5649caa648cadb3b69f6bc7a52b86c3ddb8cf0896d6e1d73366234ed068200f8f4a7b8bc56214dc6166dae8cf0ce49e822146fa47be9ce13835e39e6f8053b2308904c82a3562750ade539ab2bf483e0bc291aedded755b7892a4130a6545c923aeb3bd3fbfc5f0f63b4507368c22d8cd025a0e9b083b9f0a6f82e136db118b5ba59c235ab9ab1198300b240de429a7f8eb362d064536d14a3ae840f9f9d0fb37c2e1f17743b0b62caae466ce65c8552b2a01ee9ca4f5ea2924e1c6d63edadc39c9b2ef27ef232b7ca5a9f7ff986151892f983d9c8caba9cc515771bc65a80e2fcc7da5db37ada90519ed9041139edbc8d7cd7e554ab3710c5ad87ed0b0191d1f5ea012187c00aa4712e60b97c94b12aa331cc7f089ee8e9a0a5db097310eaf7c92b99465e84127f4069e0e1ca9882b100c7ce0b7f8a9d081bb67b26c1b1d85c6b64933fb483fe26aaf5fb795997eeb15f818ab6734592b859fb569d5bde094fe155fe3eb188b846cd0e3d8ca1bf5acdf17ed1f45145451451450497356255b2816bb3d81efb3490353af89fca9f72fe1a2c37724e52f985d65d20e8146e4965a84e61706e8032f8f776ef19fd6ad7835b688809c3ea0132c3482743ed1697fb43c6bb5f1ca7a736ac9249cad950bae5fa45c12c15a0fb0103e3552e65bf99954061d7bcecf33fbc7c22ad4b7ad12496c3a8b6ca00df3cc4989d40ca7db9bceaa58dca71480329505466d869bcd315a9ee13705bb971beb207668325d64232a49ef0327bcc3e14f2fe3b2d878ed84ab1ff00fa2e4010a60acc1d037c7ca9b709bd6bb2ba5ae5a5677b8d0e25b5232c6a23d58f7d79cc58cb430a551ec316e88843083f78b1e8de1d0d4d08fe4e2e15f21752d3aab9510a03303e3a123df56d5c40517616e8285a0f6db2db2401e713a7f9d55f962f5a5b4aaef6973bf78b2162aba82743ecf8d4ce2789e1d70c48bd68dc28d2a2d1043365d06bf83e66ad9d9be95fe56c5e537dfeb3be08ee346e7af88d6ac3c678831c3b8cd7bba235ba08928358f0dfe3501caf7ed2d87cee8ac5810190b13e3046db0a7dccd8db2d6084b9698819405b4ca48cc75924f4fce96769f45f94908c21639cae6ca02b8000265bbbd4103e54d798f1b9f13607d6406cf0ce18ea73687a1f3a73cb78db0b6105cbb694e65906db1394026499d75d2a3f1f8ab4717622e21441058210372755dcd35dafd27717c549b5763b68657241bbbc2eb23ac9a6fcb64ae0d7f6842ab18174a896610409fba587f5ab8e2d8db3f47bca976cb126445a60c753b12da6fe15e70ac4d9fa2a235db2a426d909696241139b70003efa9a2546a5fcd76eb77c4dfb463b4330a66267522343d2a4387dfed31ee40b9aa0106f383eb0dde6489d62a3b0d7d3b57efa41c4e69cb032856d627d59811f3a7f80b96be9974f69632f74824774ea5a077b4f0f7d5478f7a312e72b12b6506b7589d4ccc932419da90bb7c7d359fb210329c998999573eb11e7f2a723b36c4b9cf640ecad0d846f2635f5846b5c5ab40f10ca0da61a6a3d4f55fcfcff002a0e90235a9162d4f6a75d2757cd1eaed022bcb6e6df6645ab7add6689ff00cf5194f776d23d869d0c37d47ab68c5d327afed23c36fd29b7d0cb9d2ddb1375d37ea2f81f776ef81eea2b96c6b23939567b35423a08ed84e9d69c1c45ceeb427748d35d72851fa527770d37232299b3300e9a76faedb8aeefd90083d8468620a743bfcaa092e018bc45b84b66df793249527453a699a274af6c710be2f5ccaea0dc6b6ce72ceb000235d232fca93e078456668c396005c68010c0172debeb74cac3df4eaf5ab7f49be1acb85eced305093961de4c2cc0235a97d5fa2d895becb98df3af74c2a6cd98b74fc268c6e02f0bdd9fd22e90c009cc3a77402401a0cbf95757c60738fb0b007795d35cac1b431d63e3482d9c1b33656423bf1173c0a95d27a89159690f770f37633319b684f78c9877993d746152afc0ad646214123de7ed8dcfb57e0294c7e02c9c52221191ac5d221bed065235f18269ee2796d0766435c199674b8df79478f81a211e33c35035960172903603f09d87ef1f85467305908a475172ddcf7332cff7c8a7f88e5e5578376f000da07be767683d7d948f15e06530975f3bb32a3821893aa9d0c4ef3f9517f475644d93e204fbc0007cd8d3be3683b6b6e366004f91ff00ee2a0ae602f84ed2ddc3048d0eba15cc29a625f1a8d97bad1036da4c0fcbe54d1123ccea197116fab29b83dacbda7c888aa4f1139ade1ee7deb413df6c953fa55ab0b89bee57b445862558f51d3feef8555597fdd554ef6af3dbf7113f9834d746f74c28a28aca8a28a2813b78467bdd98de63e1effd6acafcaf715433398286e7a82728207df3b9222a3b94b0c6ee2661db59ee93305b5d411d27e35a159b56c2966b37d955546b707400b686e7586803f4aed965639e3158c5f26dcb499d9f4853037ef4c74f2aab70ac0f6d7f24c093ae9fc2b48e33838c3b5c365505c50e859812a860446b0493f0aa87255b337ee85539518807793a7774dfbc2a4b745936b870bf47762e61eddd37af66750d00db819b51f6091a11f1a81f485ca9670566db25cbacced1df2b11ee515a9f0cc376362d5931dc01091d63ed7b5a27df59c7a5d6cd7ac5b9633ac1248d4c683a6f5d1848f2dfa3fc3ddc3db7b8d7733282407004ff00669bf357266170f82b9797b5ce3459791a9d348d6afdc29325841e0a3e42aabe952f65e1eabf79947c2823792b92f077f0a972f17ed1b58170ac83b40ebed1e150dcff00cbf87c2db1d90b818b477989d35f1f656a1ca58616b0387fbc6da8f76a7fc5540f4c38a17316b6c19caca844ec63623c759f7d04df0ee47c035bb60adc370dbcedf58e008027c8eac341feb5d1cad876e2df4601fb25b39cf7db366cb3a37bc56a59876282355581e5dd02a8bc21b3f1ac5b7dcb797d9a28a81bf397276170d85b97116f065590cd72558e6510075df598e913ac4bf04f47383b983b575fb60eca93f5820c812408303534e3d28bb7fb3587de648f3ef0dbe1567c082b84b4b04955510353a2d5195f2a72659c4adf25eeae5bcf6d7295d9622654c9a6d87e51b671b7ec1bae16df663342cf7c6b3a46953fc8f8d6b58666550735ebada9f023c28e0983388c4f12bc4c14169cc4907b84c6dfad4dfb17482b5ca164e3ae61fe92602dbcafd986967310402362770697c57a3b64c4e2ac8c423760109636c8cd990be83398888dcd39e1a83fdaf1f8f0e3fe65f7ff003ad4f734dc2788f115e87b227dd634fceb3cbfc76d71ef4cdb07c2ae956ca261f2ef1a96007cc572984c40d007fb4601276b904c7ef55af875940ac4f6c9f5a0ca8623f6f04e9234fce91b2e00622f80ca2fc2b849fdbae9100c9067dd4e54e2acfd3af24cc881964a891fb4d263ccff00229c8e3adae75046bd48ebf0ab28c03b1bb0d6db333eb948f559f51de235cf50dc4384012cc994119b3291b1b8c35063c36a4ca26bf09be5ae39695c925d3d75980da3993d26ad787c066b8d884b81fb4b62d6c32c024888883de359260cc0df59fd3c6ac5c1b8cdcb1de53a7553eab7b47eb5be319dd5ff00116dc95254684130752220e863f3a4387d9b6bd92deb42066572503692e54c81f8be55356da403112018f0af4a8359e11ae4a4f10c2d838ac1aa85cac592e469a94cd3e46563dd4be278135b40d6f1171627bac738d1803bebf3ab35fc12b6e07be98dfc1300429310441d46ba9f31f1acdc2af256efdbc693747d5dd099158ea8c44175237da08a778cc6de0b76ddec3b21763241040cf249dfd59d7dd5236ee14ed73ae8eb6c02a337791a493d60827d952a710b7550cab16b215875cc085fcee13eef2ac35b56b96312b73068a4f7d56d06077d3eacfca9df124ee93d4dacfef521bf5aaf709e14cf64b5a396edabb793c9807cc01f7353bc0f1b1772daba323a86420f50cb1a78ea052ac4f260d59ae803ed861ec78ffbcfc2b31c65886c75bf065bc3de64fc9eb4de18e617c5f0ebff004e6d91fdacbf2aa3f3061f2f1274e97acba8f33048f928a229b45028acb428a28a09ee4352ac585c64258292ab98e5eba653f2ab75a42c7d6c43d92ee5800ca0a880348504c933fbd4c392ad76585570e8aec7404024086d756f3f0ea2a771f8c05d10625ca682e845439574d3ba9981263c6ba64c62abf3ab8ec41517954af773dc90564910bda181040da99f22603ba2e10b0d76da49de33f7bdd00d2fe914a2aaaa0bb198aa9b85f45074195b681e5562f471c2a4e103205eedcbe4e84ba842a34e90cc2b527496f6bbde7020961aea224fe42b28e70b9dbf16b4824c151b7bf63ecadc4e1c4ebb0d2b19e101711cc049d555c9f70ff5ae9a636d2c23465c84749240f2daa85e9889cb87b5a779e743eead72e2db3ae9b8dcd647e949bb4e2583b4220153a475607a55b342ff0086e1ae2cdb01cc04510a80c683a99acfbd23618b6370368b3b166139b283eb0da008ad8c624401e1a6d594f3638b9c7f08a365ca7af84fe94b222dbc7df0f83446bc1bbefd9acbb3198273413b08e93b8accb92f8d84e2588bae3baec4902260348d4fb2b45f489cb9731f6ed766e14dacec0306ef160a077a34883f1aa2fa31e5e5beb8ded20b83d9a1ef42bf7a4c8dc6da7954beac2be9239914a0c32b8b801560e84148249fed78d59f97389dd361554c020924203aea27ac68b548e70e4f387fa39b8e09bb7c5b2ab3eaf8e6f1f28ad79f0d6f0d836b56bba96edb6505893b13b9d4ea4d6662bb663c038c58fa358b19f2317bc59d8770676044b4cecbe1d4558f9202dc6e2cb69c30764b68e640316cac9eb159cf08e56c4dfc3db6b569d8349040d37237d855ff00d0f60daddbc625c10eb7829db42aba8ab8e3dadbd42fc8fc19578b637b782d6458220cac9599da7481a521c7b0e6e6378a5d496c8d697281320e1f56f288f9d4cf2b1078a71427c6c0ff00a7518bc5acd8c5f15ed6e2a967b6aa2756fa903451a9de9709ad272bbdaa1c2f17702dc5ed409ba000c06ddb4f91d089de96b976e3196446d6f5cd0903bb7831d083f73e751e9cc4155c2a2b8cf233083ddbb9c693a82343b543b5f769d720398427774732418f85638dabb8b2dde2b8742e8f8721d6eb9850a34cefddcc0f42773d01aafe2710f7233b1206cb2728d49ebbea4fc6919a4ee6200f33e02b731912dd9cdb1d2ad1c9bc2bb7bd988fabb504f833f41eedfdde7557e1962ede7cb6d0927a01f327a0f3ad8781f0c5c3595b6371ab1fbcc773fa7b00abb43fa28a280a08a28a046e61c1a8bc5e056648d7c4687e353548e22d48a820784e1861d9c024add7cfafd9629963df00d47f19e08b887b6beab1b8ca186e0b2161f303e353576dee0d34cf958173ea3da707c4060b3f300fb4d73ce6bb8de3dab9c338b5ec2bdb5c402760ae263521b29f6e9f1a6dcdf881f48c25f53a06543ec2146fec06b41c66016e5abe8cbada61717f7412047bad7ceb34e71e0fd859b904e50e2e24f4ef15d3c07781f7d67a695ae216725db8be0cc3dd3a7ca9bd48f1fd6f161f6d52e7c547f0a8eac3428a28a0dd796f871fa2d9455b6a0092d124cf8e83a69d69f5be5a92e4dd3df890aa0019600899e8053ce1ca32a0e9034f757bcd374d9b286d92a4bc123c32935dec9aedc65fc31df4b3680c5ada5666ea7311eb3193a0000d49ad7395b82a5ab369953bfd9e5cdace5304accec48063c85623c7ee9b9c4d7392ddf5dff7abe9bb1a5b48fba3f21562545e26cb2a33153a293acf41e758e7a20c21bfc4afdc00774319f6935b2f33de6185bf04fecdbf2ac4fd0d63ee5abb70a34166453a0320b6a35156dd126dbc2f0c7ea57e27f85633cc76b3f31da46650b6f29663a2a85524924ec056eb88720695f3c7145ed38fddcfde198983b1859123a89d62ae917ec7f3c225cc96ec5c790594b45bed1475b6a64bf8e530d0418822ab3cba7e9dc792f0042f665b4d6201006b1fc9abdf1ee1969ec3ab2022da1b89b82aea090eac0c869eb3e3503cabdfc4d9277bd0b748d0b82b241222248d637d7c4d3493259b1d7dae0b898730a81b3de2015040d56d8dae3f427d55f320ad533d10702c41c2debf66e2826f37d5dd1dcb903ef81991bcc48f2ad43156956ddd0a000b6d8000400029800741511e89140e1c23fa47fd2b5626f6a873fe1dafdfe1d6cdb7b57062017471a6e20adc1dd75f3067c40ab0f3d62861b0f755e497b572206ddd8d7fb429bfa62f5b0fbe8b798418821641046c4100d669e9439831375c23dd2545a4d2147ac8a5a4800993e359b1a8b672771ec3e1b8661bb5b88a429d0eadeb13a20963bf855478373d8c39c5f676cb9bb887b8a4920653a095027f2aa7616d02a244ff003e14e45341edee3d8a7bb7ee6736fb62a5c212b394651b12623a4d472d9d4924cb6a634ff3f9d2945502a81b6948dcc601b6bfcf8d32bd709264d2bc3ed86b88a7505803ec2454dae8be16cddbec12dab313f6547e7e5e66af7cbfe8e8e8d8a68ffcb43aff0059fa7bbe3578e15c36d5840b691506930353ed3b93eda7b5037c0e06dd95c9691517c00dfcc9dc9f334e28a2a828a28a028a28a028a28a0658bb3d6a2f1b86ed14aec7a1fe7a54f5d1a5453ef503ce0b89176fb8fe92d95707a30083e7dea82e75c3f6b80668ef0533e4428d3fb4869ee0db2e2ac95d09241f3d87ea69d71a41d85d11a4dcf95f603e462b859a759db19c70cd630d73c50db3fd4681f2351f52087fdc13cafb01ecc9351f532f567828a28a8affd9, 2, '2014-01-24 14:32:32', 0, 0);

-- --------------------------------------------------------

--
-- Table structure for table `resource_type`
--

CREATE TABLE IF NOT EXISTS `resource_type` (
  `type_id` int(10) unsigned NOT NULL AUTO_INCREMENT,
  `r_type` varchar(20) NOT NULL,
  PRIMARY KEY (`type_id`)
) ENGINE=InnoDB  DEFAULT CHARSET=latin1 AUTO_INCREMENT=8 ;

--
-- Dumping data for table `resource_type`
--

INSERT INTO `resource_type` (`type_id`, `r_type`) VALUES
(1, 'books'),
(2, 'video_lectures'),
(3, 'slides'),
(4, 'research_papers'),
(5, 'self_written_papers'),
(6, 'notes'),
(7, 'others');

-- --------------------------------------------------------

--
-- Table structure for table `user`
--

CREATE TABLE IF NOT EXISTS `user` (
  `u_id` int(11) unsigned NOT NULL AUTO_INCREMENT,
  `u_name` varchar(30) NOT NULL,
  `password` varchar(20) NOT NULL,
  `f_name` varchar(20) NOT NULL,
  `l_name` varchar(20) NOT NULL,
  `contact_no` int(10) NOT NULL,
  `dob` date NOT NULL,
  `institute` varchar(40) NOT NULL,
  `stream` varchar(20) NOT NULL,
  `role` varchar(10) NOT NULL,
  `approve_id` tinyint(1) NOT NULL DEFAULT '0',
  `photo` varchar(255) NOT NULL,
  `about` text NOT NULL,
  `show_email` tinyint(4) NOT NULL DEFAULT '0',
  `gender` tinyint(4) NOT NULL DEFAULT '0',
  `user_score` float NOT NULL DEFAULT '0',
  `count_bookmarks` int(11) NOT NULL DEFAULT '0',
  `count_comments` int(11) NOT NULL DEFAULT '0',
  `count_discussions` int(11) NOT NULL DEFAULT '0',
  PRIMARY KEY (`u_id`)
) ENGINE=InnoDB  DEFAULT CHARSET=latin1 AUTO_INCREMENT=12 ;

--
-- Dumping data for table `user`
--

INSERT INTO `user` (`u_id`, `u_name`, `password`, `f_name`, `l_name`, `contact_no`, `dob`, `institute`, `stream`, `role`, `approve_id`, `photo`, `about`, `show_email`, `gender`, `user_score`, `count_bookmarks`, `count_comments`, `count_discussions`) VALUES
(1, 'xyz@gmail.com', 'qwerty', 'a', 'b', 123, '2009-01-13', 'vb', 'cs', 'student', 1, 'images/profiles/01.jpg', '', 0, 0, 0, 0, 0, 0),
(2, 'abc@tech.org', 'qwerty', 'aaa', 'bbb', 4321, '1997-04-02', 'vj', 'it', 'author', 1, 'images/profiles/02.jpg', '', 0, 0, 0, 0, 0, 0),
(3, 'dalvishaarad@gmail.c', 'password', 'Shaarad', 'Dalvi', 2147483647, '2012-04-01', 'vjti', 'comps', 'student', 1, 'images/profiles/03.jpg', '', 0, 0, 0, 0, 0, 0),
(4, 'shaaraddalvi@outlook.com', 'password', 'Shaarad', 'Dalvi', 25406266, '1993-11-01', 'vjti', 'comps', 'student', 1, 'images/profiles/04.jpg', '', 0, 0, 0, 0, 0, 0),
(5, 'sh@yahoo.co.in', 'password', 'shaarad', 'dalvi', 25406266, '2014-11-01', 'vjti', 'comp', 'student', 1, 'images/profiles/05.jpg', '', 0, 0, 1, 0, 0, 0),
(6, 'root', 'rootpass', 'root', 'root', 12345678, '2014-01-01', 'root', 'root', 'admin', 1, 'images/profiles/06.jpg', '', 0, 0, 0, 0, 0, 0),
(7, 'cm', 'qwerty', 'cm', 'cm', 1234567890, '2014-01-05', 'vjti', 'comp', 'cm', 1, 'images/profiles/07.jpg', '', 0, 0, 0, 0, 0, 0),
(8, 'kunalshah', 'pass1234', 'Kunal', 'Shah', 876543321, '2014-01-03', 'veermata JTI', 'computers', 'student', 1, 'images/profiles/08.jpg', '', 0, 0, 0, 0, 0, 0),
(9, 'new1@gmail.com', 'password', 'new1name', 'new1surname', 982680350, '2014-01-01', 'vjti', 'comp', 'student', 2, '', '', 0, 0, 0, 0, 0, 0),
(10, 'new2@gmail.com', 'password', 'new2', 'new2surname', 2147483647, '2014-01-02', 'vjti', 'comp', 'student', 0, '', '', 0, 0, 0, 0, 0, 0),
(11, 'new3', 'password', 'new3fname', 'new3lname', 1234567890, '2013-12-04', 'vjti', 'comp', 'student', 0, '', '', 0, 0, 0, 0, 0, 0);

-- --------------------------------------------------------

--
-- Table structure for table `user_comment`
--

CREATE TABLE IF NOT EXISTS `user_comment` (
  `user_comment_id` int(11) NOT NULL,
  `user_id` int(11) unsigned NOT NULL,
  `vote_status` tinyint(4) NOT NULL DEFAULT '0',
  `bookmarked` tinyint(4) NOT NULL DEFAULT '0',
  `date_last_viewed` timestamp NOT NULL DEFAULT CURRENT_TIMESTAMP,
  PRIMARY KEY (`user_id`,`user_comment_id`),
  KEY `comment_id` (`user_comment_id`),
  KEY `user_id` (`user_id`)
) ENGINE=InnoDB DEFAULT CHARSET=latin1;

--
-- Dumping data for table `user_comment`
--

INSERT INTO `user_comment` (`user_comment_id`, `user_id`, `vote_status`, `bookmarked`, `date_last_viewed`) VALUES
(2, 1, 1, 0, '2014-01-24 07:06:52'),
(3, 1, -1, 0, '2014-01-24 07:06:52'),
(2, 5, 0, 0, '2014-01-28 02:33:07'),
(3, 5, 1, 0, '2014-01-28 02:33:07');

-- --------------------------------------------------------

--
-- Table structure for table `user_discussion`
--

CREATE TABLE IF NOT EXISTS `user_discussion` (
  `u_id` int(11) unsigned NOT NULL,
  `discussion_id` int(11) NOT NULL,
  `count_comments` int(11) NOT NULL,
  `date_last_viewed` timestamp NOT NULL DEFAULT CURRENT_TIMESTAMP,
  `bookmarked` tinyint(4) NOT NULL DEFAULT '0',
  PRIMARY KEY (`u_id`,`discussion_id`),
  KEY `u_id` (`u_id`),
  KEY `discussion_id` (`discussion_id`)
) ENGINE=InnoDB DEFAULT CHARSET=latin1;

--
-- Dumping data for table `user_discussion`
--

INSERT INTO `user_discussion` (`u_id`, `discussion_id`, `count_comments`, `date_last_viewed`, `bookmarked`) VALUES
(1, 2, 2, '2014-01-24 07:06:52', 0),
(1, 3, 0, '2014-01-24 07:27:27', 0),
(1, 4, 0, '2014-01-24 07:27:39', 0),
(5, 2, 2, '2014-01-28 02:33:07', 0);

--
-- Constraints for dumped tables
--

--
-- Constraints for table `approved_status`
--
ALTER TABLE `approved_status`
  ADD CONSTRAINT `approved_status_ibfk_1` FOREIGN KEY (`r_id`) REFERENCES `resource` (`r_id`),
  ADD CONSTRAINT `approved_status_ibfk_2` FOREIGN KEY (`u_id`) REFERENCES `user` (`u_id`);

--
-- Constraints for table `comment`
--
ALTER TABLE `comment`
  ADD CONSTRAINT `comment_ibfk_1` FOREIGN KEY (`insert_uid`) REFERENCES `user` (`u_id`),
  ADD CONSTRAINT `comment_ibfk_2` FOREIGN KEY (`delete_uid`) REFERENCES `user` (`u_id`),
  ADD CONSTRAINT `comment_ibfk_3` FOREIGN KEY (`update_uid`) REFERENCES `user` (`u_id`),
  ADD CONSTRAINT `comment_ibfk_4` FOREIGN KEY (`discussion_id`) REFERENCES `discussion` (`discussion_id`);

--
-- Constraints for table `create_course`
--
ALTER TABLE `create_course`
  ADD CONSTRAINT `c_id_key` FOREIGN KEY (`c_id`) REFERENCES `course` (`c_id`);

--
-- Constraints for table `discussion`
--
ALTER TABLE `discussion`
  ADD CONSTRAINT `discussion_ibfk_3` FOREIGN KEY (`insert_uid`) REFERENCES `user` (`u_id`),
  ADD CONSTRAINT `discussion_ibfk_4` FOREIGN KEY (`category_id`) REFERENCES `discussion_category` (`category_id`);

--
-- Constraints for table `enroll_course`
--
ALTER TABLE `enroll_course`
  ADD CONSTRAINT `enroll_course_ibfk_1` FOREIGN KEY (`c_id`) REFERENCES `course` (`c_id`),
  ADD CONSTRAINT `enroll_course_ibfk_2` FOREIGN KEY (`u_id`) REFERENCES `user` (`u_id`);

--
-- Constraints for table `rate_resource`
--
ALTER TABLE `rate_resource`
  ADD CONSTRAINT `rate_resource_ibfk_2` FOREIGN KEY (`u_id`) REFERENCES `user` (`u_id`);

--
-- Constraints for table `resource`
--
ALTER TABLE `resource`
  ADD CONSTRAINT `resource_ibfk_1` FOREIGN KEY (`c_id`) REFERENCES `course` (`c_id`),
  ADD CONSTRAINT `resource_ibfk_2` FOREIGN KEY (`type_id`) REFERENCES `resource_type` (`type_id`);

--
-- Constraints for table `user_comment`
--
ALTER TABLE `user_comment`
  ADD CONSTRAINT `user_comment_ibfk_1` FOREIGN KEY (`user_comment_id`) REFERENCES `comment` (`comment_id`),
  ADD CONSTRAINT `user_comment_ibfk_2` FOREIGN KEY (`user_id`) REFERENCES `user` (`u_id`);

--
-- Constraints for table `user_discussion`
--
ALTER TABLE `user_discussion`
  ADD CONSTRAINT `user_discussion_ibfk_1` FOREIGN KEY (`u_id`) REFERENCES `user` (`u_id`),
  ADD CONSTRAINT `user_discussion_ibfk_2` FOREIGN KEY (`discussion_id`) REFERENCES `discussion` (`discussion_id`);

/*!40101 SET CHARACTER_SET_CLIENT=@OLD_CHARACTER_SET_CLIENT */;
/*!40101 SET CHARACTER_SET_RESULTS=@OLD_CHARACTER_SET_RESULTS */;
/*!40101 SET COLLATION_CONNECTION=@OLD_COLLATION_CONNECTION */;
